cod_pais,cod_serie,means,año,value,countryname,countrycode,seriesname,seriescode
BRA,NY.GDP.MKTP.KD.ZG,2.1369469,2006,3.96198870899485,Brazil,BRA,GDP growth (annual %),NY.GDP.MKTP.KD.ZG
BRA,NY.GDP.MKTP.KD.ZG,2.1369469,2007,6.06987060733128,Brazil,BRA,GDP growth (annual %),NY.GDP.MKTP.KD.ZG
BRA,NY.GDP.MKTP.KD.ZG,2.1369469,2008,5.09419544811998,Brazil,BRA,GDP growth (annual %),NY.GDP.MKTP.KD.ZG
BRA,NY.GDP.MKTP.KD.ZG,2.1369469,2009,-.12581200299141,Brazil,BRA,GDP growth (annual %),NY.GDP.MKTP.KD.ZG
BRA,NY.GDP.MKTP.KD.ZG,2.1369469,2010,7.52822581812151,Brazil,BRA,GDP growth (annual %),NY.GDP.MKTP.KD.ZG
BRA,NY.GDP.MKTP.KD.ZG,2.1369469,2011,3.97442307944702,Brazil,BRA,GDP growth (annual %),NY.GDP.MKTP.KD.ZG
BRA,NY.GDP.MKTP.KD.ZG,2.1369469,2012,1.92117598509462,Brazil,BRA,GDP growth (annual %),NY.GDP.MKTP.KD.ZG
BRA,NY.GDP.MKTP.KD.ZG,2.1369469,2013,3.0048226702888,Brazil,BRA,GDP growth (annual %),NY.GDP.MKTP.KD.ZG
BRA,NY.GDP.MKTP.KD.ZG,2.1369469,2014,.503955740273241,Brazil,BRA,GDP growth (annual %),NY.GDP.MKTP.KD.ZG
BRA,NY.GDP.MKTP.KD.ZG,2.1369469,2015,-3.54576339347278,Brazil,BRA,GDP growth (annual %),NY.GDP.MKTP.KD.ZG
BRA,NY.GDP.MKTP.KD.ZG,2.1369469,2016,-3.2759169063211,Brazil,BRA,GDP growth (annual %),NY.GDP.MKTP.KD.ZG
BRA,NY.GDP.MKTP.KD.ZG,2.1369469,2017,1.32286905390815,Brazil,BRA,GDP growth (annual %),NY.GDP.MKTP.KD.ZG
BRA,NY.GDP.MKTP.KD.ZG,2.1369469,2018,1.78366676137003,Brazil,BRA,GDP growth (annual %),NY.GDP.MKTP.KD.ZG
BRA,NY.GDP.MKTP.KD.ZG,2.1369469,2019,1.22077782271943,Brazil,BRA,GDP growth (annual %),NY.GDP.MKTP.KD.ZG
BRA,NY.GDP.MKTP.KD.ZG,2.1369469,2020,-3.27675879612903,Brazil,BRA,GDP growth (annual %),NY.GDP.MKTP.KD.ZG
BRA,NY.GDP.MKTP.KD.ZG,2.1369469,2021,4.7626043797061,Brazil,BRA,GDP growth (annual %),NY.GDP.MKTP.KD.ZG
BRA,NY.GDP.MKTP.KD.ZG,2.1369469,2022,3.01669435408112,Brazil,BRA,GDP growth (annual %),NY.GDP.MKTP.KD.ZG
BRA,NY.GDP.MKTP.KD.ZG,2.1369469,2023,3.24165532813583,Brazil,BRA,GDP growth (annual %),NY.GDP.MKTP.KD.ZG
BRA,NY.GDP.MKTP.KD.ZG,2.1369469,2024,3.41931516597739,Brazil,BRA,GDP growth (annual %),NY.GDP.MKTP.KD.ZG
BRA,SE.XPD.TOTL.GD.ZS,5.7306566,2006,4.87060022354126,Brazil,BRA,"Government expenditure on education, total (% of GDP)",SE.XPD.TOTL.GD.ZS
BRA,SE.XPD.TOTL.GD.ZS,5.7306566,2007,4.97425985336304,Brazil,BRA,"Government expenditure on education, total (% of GDP)",SE.XPD.TOTL.GD.ZS
BRA,SE.XPD.TOTL.GD.ZS,5.7306566,2008,5.2688398361206,Brazil,BRA,"Government expenditure on education, total (% of GDP)",SE.XPD.TOTL.GD.ZS
BRA,SE.XPD.TOTL.GD.ZS,5.7306566,2009,5.46355009078979,Brazil,BRA,"Government expenditure on education, total (% of GDP)",SE.XPD.TOTL.GD.ZS
BRA,SE.XPD.TOTL.GD.ZS,5.7306566,2010,5.64879989624023,Brazil,BRA,"Government expenditure on education, total (% of GDP)",SE.XPD.TOTL.GD.ZS
BRA,SE.XPD.TOTL.GD.ZS,5.7306566,2011,5.73741006851196,Brazil,BRA,"Government expenditure on education, total (% of GDP)",SE.XPD.TOTL.GD.ZS
BRA,SE.XPD.TOTL.GD.ZS,5.7306566,2012,5.85510015487671,Brazil,BRA,"Government expenditure on education, total (% of GDP)",SE.XPD.TOTL.GD.ZS
BRA,SE.XPD.TOTL.GD.ZS,5.7306566,2013,5.8388500213623,Brazil,BRA,"Government expenditure on education, total (% of GDP)",SE.XPD.TOTL.GD.ZS
BRA,SE.XPD.TOTL.GD.ZS,5.7306566,2014,5.94848012924194,Brazil,BRA,"Government expenditure on education, total (% of GDP)",SE.XPD.TOTL.GD.ZS
BRA,SE.XPD.TOTL.GD.ZS,5.7306566,2015,6.24105978012085,Brazil,BRA,"Government expenditure on education, total (% of GDP)",SE.XPD.TOTL.GD.ZS
BRA,SE.XPD.TOTL.GD.ZS,5.7306566,2016,6.314040184021,Brazil,BRA,"Government expenditure on education, total (% of GDP)",SE.XPD.TOTL.GD.ZS
BRA,SE.XPD.TOTL.GD.ZS,5.7306566,2017,6.32047986984253,Brazil,BRA,"Government expenditure on education, total (% of GDP)",SE.XPD.TOTL.GD.ZS
BRA,SE.XPD.TOTL.GD.ZS,5.7306566,2018,6.08851003646851,Brazil,BRA,"Government expenditure on education, total (% of GDP)",SE.XPD.TOTL.GD.ZS
BRA,SE.XPD.TOTL.GD.ZS,5.7306566,2019,5.96346998214722,Brazil,BRA,"Government expenditure on education, total (% of GDP)",SE.XPD.TOTL.GD.ZS
BRA,SE.XPD.TOTL.GD.ZS,5.7306566,2020,5.77150011062622,Brazil,BRA,"Government expenditure on education, total (% of GDP)",SE.XPD.TOTL.GD.ZS
BRA,SE.XPD.TOTL.GD.ZS,5.7306566,2021,5.4969801902771,Brazil,BRA,"Government expenditure on education, total (% of GDP)",SE.XPD.TOTL.GD.ZS
BRA,SE.XPD.TOTL.GD.ZS,5.7306566,2022,5.61922979354858,Brazil,BRA,"Government expenditure on education, total (% of GDP)",SE.XPD.TOTL.GD.ZS
BRA,SE.XPD.TOTL.GD.ZS,5.7306566,2023,,Brazil,BRA,"Government expenditure on education, total (% of GDP)",SE.XPD.TOTL.GD.ZS
BRA,SE.XPD.TOTL.GD.ZS,5.7306566,2024,,Brazil,BRA,"Government expenditure on education, total (% of GDP)",SE.XPD.TOTL.GD.ZS
CHL,NY.GDP.MKTP.KD.ZG,3.0315692,2006,6.04999082563968,Chile,CHL,GDP growth (annual %),NY.GDP.MKTP.KD.ZG
CHL,NY.GDP.MKTP.KD.ZG,3.0315692,2007,5.16823098528431,Chile,CHL,GDP growth (annual %),NY.GDP.MKTP.KD.ZG
CHL,NY.GDP.MKTP.KD.ZG,3.0315692,2008,3.78939280635238,Chile,CHL,GDP growth (annual %),NY.GDP.MKTP.KD.ZG
CHL,NY.GDP.MKTP.KD.ZG,3.0315692,2009,-1.11803723642878,Chile,CHL,GDP growth (annual %),NY.GDP.MKTP.KD.ZG
CHL,NY.GDP.MKTP.KD.ZG,3.0315692,2010,5.85165102224047,Chile,CHL,GDP growth (annual %),NY.GDP.MKTP.KD.ZG
CHL,NY.GDP.MKTP.KD.ZG,3.0315692,2011,6.22389678509138,Chile,CHL,GDP growth (annual %),NY.GDP.MKTP.KD.ZG
CHL,NY.GDP.MKTP.KD.ZG,3.0315692,2012,6.15534001855494,Chile,CHL,GDP growth (annual %),NY.GDP.MKTP.KD.ZG
CHL,NY.GDP.MKTP.KD.ZG,3.0315692,2013,3.30850824710085,Chile,CHL,GDP growth (annual %),NY.GDP.MKTP.KD.ZG
CHL,NY.GDP.MKTP.KD.ZG,3.0315692,2014,1.79264947139259,Chile,CHL,GDP growth (annual %),NY.GDP.MKTP.KD.ZG
CHL,NY.GDP.MKTP.KD.ZG,3.0315692,2015,2.15194249981184,Chile,CHL,GDP growth (annual %),NY.GDP.MKTP.KD.ZG
CHL,NY.GDP.MKTP.KD.ZG,3.0315692,2016,1.753038749071,Chile,CHL,GDP growth (annual %),NY.GDP.MKTP.KD.ZG
CHL,NY.GDP.MKTP.KD.ZG,3.0315692,2017,1.35769537343957,Chile,CHL,GDP growth (annual %),NY.GDP.MKTP.KD.ZG
CHL,NY.GDP.MKTP.KD.ZG,3.0315692,2018,3.99002947789977,Chile,CHL,GDP growth (annual %),NY.GDP.MKTP.KD.ZG
CHL,NY.GDP.MKTP.KD.ZG,3.0315692,2019,.634367533828438,Chile,CHL,GDP growth (annual %),NY.GDP.MKTP.KD.ZG
CHL,NY.GDP.MKTP.KD.ZG,3.0315692,2020,-6.14347479224092,Chile,CHL,GDP growth (annual %),NY.GDP.MKTP.KD.ZG
CHL,NY.GDP.MKTP.KD.ZG,3.0315692,2021,11.3149204879049,Chile,CHL,GDP growth (annual %),NY.GDP.MKTP.KD.ZG
CHL,NY.GDP.MKTP.KD.ZG,3.0315692,2022,2.15399356192458,Chile,CHL,GDP growth (annual %),NY.GDP.MKTP.KD.ZG
CHL,NY.GDP.MKTP.KD.ZG,3.0315692,2023,.521367977246825,Chile,CHL,GDP growth (annual %),NY.GDP.MKTP.KD.ZG
CHL,NY.GDP.MKTP.KD.ZG,3.0315692,2024,2.64431154871538,Chile,CHL,GDP growth (annual %),NY.GDP.MKTP.KD.ZG
CHL,SE.XPD.TOTL.GD.ZS,4.6375179,2006,3.04014992713928,Chile,CHL,"Government expenditure on education, total (% of GDP)",SE.XPD.TOTL.GD.ZS
CHL,SE.XPD.TOTL.GD.ZS,4.6375179,2007,3.2331600189209,Chile,CHL,"Government expenditure on education, total (% of GDP)",SE.XPD.TOTL.GD.ZS
CHL,SE.XPD.TOTL.GD.ZS,4.6375179,2008,3.79189991950989,Chile,CHL,"Government expenditure on education, total (% of GDP)",SE.XPD.TOTL.GD.ZS
CHL,SE.XPD.TOTL.GD.ZS,4.6375179,2009,4.25475978851318,Chile,CHL,"Government expenditure on education, total (% of GDP)",SE.XPD.TOTL.GD.ZS
CHL,SE.XPD.TOTL.GD.ZS,4.6375179,2010,4.18953990936279,Chile,CHL,"Government expenditure on education, total (% of GDP)",SE.XPD.TOTL.GD.ZS
CHL,SE.XPD.TOTL.GD.ZS,4.6375179,2011,4.0617299079895,Chile,CHL,"Government expenditure on education, total (% of GDP)",SE.XPD.TOTL.GD.ZS
CHL,SE.XPD.TOTL.GD.ZS,4.6375179,2012,,Chile,CHL,"Government expenditure on education, total (% of GDP)",SE.XPD.TOTL.GD.ZS
CHL,SE.XPD.TOTL.GD.ZS,4.6375179,2013,4.54814004898071,Chile,CHL,"Government expenditure on education, total (% of GDP)",SE.XPD.TOTL.GD.ZS
CHL,SE.XPD.TOTL.GD.ZS,4.6375179,2014,4.75167989730835,Chile,CHL,"Government expenditure on education, total (% of GDP)",SE.XPD.TOTL.GD.ZS
CHL,SE.XPD.TOTL.GD.ZS,4.6375179,2015,4.90390014648438,Chile,CHL,"Government expenditure on education, total (% of GDP)",SE.XPD.TOTL.GD.ZS
CHL,SE.XPD.TOTL.GD.ZS,4.6375179,2016,5.3664698600769,Chile,CHL,"Government expenditure on education, total (% of GDP)",SE.XPD.TOTL.GD.ZS
CHL,SE.XPD.TOTL.GD.ZS,4.6375179,2017,5.43278980255127,Chile,CHL,"Government expenditure on education, total (% of GDP)",SE.XPD.TOTL.GD.ZS
CHL,SE.XPD.TOTL.GD.ZS,4.6375179,2018,5.473060131073,Chile,CHL,"Government expenditure on education, total (% of GDP)",SE.XPD.TOTL.GD.ZS
CHL,SE.XPD.TOTL.GD.ZS,4.6375179,2019,5.62630987167358,Chile,CHL,"Government expenditure on education, total (% of GDP)",SE.XPD.TOTL.GD.ZS
CHL,SE.XPD.TOTL.GD.ZS,4.6375179,2020,5.62993001937866,Chile,CHL,"Government expenditure on education, total (% of GDP)",SE.XPD.TOTL.GD.ZS
CHL,SE.XPD.TOTL.GD.ZS,4.6375179,2021,4.99923992156982,Chile,CHL,"Government expenditure on education, total (% of GDP)",SE.XPD.TOTL.GD.ZS
CHL,SE.XPD.TOTL.GD.ZS,4.6375179,2022,4.89753007888794,Chile,CHL,"Government expenditure on education, total (% of GDP)",SE.XPD.TOTL.GD.ZS
CHL,SE.XPD.TOTL.GD.ZS,4.6375179,2023,,Chile,CHL,"Government expenditure on education, total (% of GDP)",SE.XPD.TOTL.GD.ZS
CHL,SE.XPD.TOTL.GD.ZS,4.6375179,2024,,Chile,CHL,"Government expenditure on education, total (% of GDP)",SE.XPD.TOTL.GD.ZS
COL,NY.GDP.MKTP.KD.ZG,3.5933928,2006,6.71686869844402,Colombia,COL,GDP growth (annual %),NY.GDP.MKTP.KD.ZG
COL,NY.GDP.MKTP.KD.ZG,3.5933928,2007,6.73819469090975,Colombia,COL,GDP growth (annual %),NY.GDP.MKTP.KD.ZG
COL,NY.GDP.MKTP.KD.ZG,3.5933928,2008,3.28344618616541,Colombia,COL,GDP growth (annual %),NY.GDP.MKTP.KD.ZG
COL,NY.GDP.MKTP.KD.ZG,3.5933928,2009,1.13964864548062,Colombia,COL,GDP growth (annual %),NY.GDP.MKTP.KD.ZG
COL,NY.GDP.MKTP.KD.ZG,3.5933928,2010,4.49465897070922,Colombia,COL,GDP growth (annual %),NY.GDP.MKTP.KD.ZG
COL,NY.GDP.MKTP.KD.ZG,3.5933928,2011,6.94789198173555,Colombia,COL,GDP growth (annual %),NY.GDP.MKTP.KD.ZG
COL,NY.GDP.MKTP.KD.ZG,3.5933928,2012,3.91263576716115,Colombia,COL,GDP growth (annual %),NY.GDP.MKTP.KD.ZG
COL,NY.GDP.MKTP.KD.ZG,3.5933928,2013,5.13399351995672,Colombia,COL,GDP growth (annual %),NY.GDP.MKTP.KD.ZG
COL,NY.GDP.MKTP.KD.ZG,3.5933928,2014,4.49903000110972,Colombia,COL,GDP growth (annual %),NY.GDP.MKTP.KD.ZG
COL,NY.GDP.MKTP.KD.ZG,3.5933928,2015,2.95590137527523,Colombia,COL,GDP growth (annual %),NY.GDP.MKTP.KD.ZG
COL,NY.GDP.MKTP.KD.ZG,3.5933928,2016,2.08738250162794,Colombia,COL,GDP growth (annual %),NY.GDP.MKTP.KD.ZG
COL,NY.GDP.MKTP.KD.ZG,3.5933928,2017,1.35936086788746,Colombia,COL,GDP growth (annual %),NY.GDP.MKTP.KD.ZG
COL,NY.GDP.MKTP.KD.ZG,3.5933928,2018,2.56432428277704,Colombia,COL,GDP growth (annual %),NY.GDP.MKTP.KD.ZG
COL,NY.GDP.MKTP.KD.ZG,3.5933928,2019,3.18685539245533,Colombia,COL,GDP growth (annual %),NY.GDP.MKTP.KD.ZG
COL,NY.GDP.MKTP.KD.ZG,3.5933928,2020,-7.18591413760859,Colombia,COL,GDP growth (annual %),NY.GDP.MKTP.KD.ZG
COL,NY.GDP.MKTP.KD.ZG,3.5933928,2021,10.8011981904878,Colombia,COL,GDP growth (annual %),NY.GDP.MKTP.KD.ZG
COL,NY.GDP.MKTP.KD.ZG,3.5933928,2022,7.32827729427979,Colombia,COL,GDP growth (annual %),NY.GDP.MKTP.KD.ZG
COL,NY.GDP.MKTP.KD.ZG,3.5933928,2023,.712380031974334,Colombia,COL,GDP growth (annual %),NY.GDP.MKTP.KD.ZG
COL,NY.GDP.MKTP.KD.ZG,3.5933928,2024,1.5983315366523,Colombia,COL,GDP growth (annual %),NY.GDP.MKTP.KD.ZG
COL,SE.XPD.TOTL.GD.ZS,4.5065265,2006,3.91671991348267,Colombia,COL,"Government expenditure on education, total (% of GDP)",SE.XPD.TOTL.GD.ZS
COL,SE.XPD.TOTL.GD.ZS,4.5065265,2007,4.08301019668579,Colombia,COL,"Government expenditure on education, total (% of GDP)",SE.XPD.TOTL.GD.ZS
COL,SE.XPD.TOTL.GD.ZS,4.5065265,2008,3.9387800693512,Colombia,COL,"Government expenditure on education, total (% of GDP)",SE.XPD.TOTL.GD.ZS
COL,SE.XPD.TOTL.GD.ZS,4.5065265,2009,4.77651977539062,Colombia,COL,"Government expenditure on education, total (% of GDP)",SE.XPD.TOTL.GD.ZS
COL,SE.XPD.TOTL.GD.ZS,4.5065265,2010,4.83382987976074,Colombia,COL,"Government expenditure on education, total (% of GDP)",SE.XPD.TOTL.GD.ZS
COL,SE.XPD.TOTL.GD.ZS,4.5065265,2011,4.46608018875122,Colombia,COL,"Government expenditure on education, total (% of GDP)",SE.XPD.TOTL.GD.ZS
COL,SE.XPD.TOTL.GD.ZS,4.5065265,2012,4.37038993835449,Colombia,COL,"Government expenditure on education, total (% of GDP)",SE.XPD.TOTL.GD.ZS
COL,SE.XPD.TOTL.GD.ZS,4.5065265,2013,4.87855005264282,Colombia,COL,"Government expenditure on education, total (% of GDP)",SE.XPD.TOTL.GD.ZS
COL,SE.XPD.TOTL.GD.ZS,4.5065265,2014,4.62945985794067,Colombia,COL,"Government expenditure on education, total (% of GDP)",SE.XPD.TOTL.GD.ZS
COL,SE.XPD.TOTL.GD.ZS,4.5065265,2015,4.47038984298706,Colombia,COL,"Government expenditure on education, total (% of GDP)",SE.XPD.TOTL.GD.ZS
COL,SE.XPD.TOTL.GD.ZS,4.5065265,2016,4.47721004486084,Colombia,COL,"Government expenditure on education, total (% of GDP)",SE.XPD.TOTL.GD.ZS
COL,SE.XPD.TOTL.GD.ZS,4.5065265,2017,4.53551006317139,Colombia,COL,"Government expenditure on education, total (% of GDP)",SE.XPD.TOTL.GD.ZS
COL,SE.XPD.TOTL.GD.ZS,4.5065265,2018,4.44910001754761,Colombia,COL,"Government expenditure on education, total (% of GDP)",SE.XPD.TOTL.GD.ZS
COL,SE.XPD.TOTL.GD.ZS,4.5065265,2019,4.51069021224976,Colombia,COL,"Government expenditure on education, total (% of GDP)",SE.XPD.TOTL.GD.ZS
COL,SE.XPD.TOTL.GD.ZS,4.5065265,2020,5.26166009902954,Colombia,COL,"Government expenditure on education, total (% of GDP)",SE.XPD.TOTL.GD.ZS
COL,SE.XPD.TOTL.GD.ZS,4.5065265,2021,,Colombia,COL,"Government expenditure on education, total (% of GDP)",SE.XPD.TOTL.GD.ZS
COL,SE.XPD.TOTL.GD.ZS,4.5065265,2022,,Colombia,COL,"Government expenditure on education, total (% of GDP)",SE.XPD.TOTL.GD.ZS
COL,SE.XPD.TOTL.GD.ZS,4.5065265,2023,,Colombia,COL,"Government expenditure on education, total (% of GDP)",SE.XPD.TOTL.GD.ZS
COL,SE.XPD.TOTL.GD.ZS,4.5065265,2024,,Colombia,COL,"Government expenditure on education, total (% of GDP)",SE.XPD.TOTL.GD.ZS
DEU,NY.GDP.MKTP.KD.ZG,1.1605715,2006,3.86668241523209,Germany,DEU,GDP growth (annual %),NY.GDP.MKTP.KD.ZG
DEU,NY.GDP.MKTP.KD.ZG,1.1605715,2007,2.8891174138025,Germany,DEU,GDP growth (annual %),NY.GDP.MKTP.KD.ZG
DEU,NY.GDP.MKTP.KD.ZG,1.1605715,2008,.887902330743628,Germany,DEU,GDP growth (annual %),NY.GDP.MKTP.KD.ZG
DEU,NY.GDP.MKTP.KD.ZG,1.1605715,2009,-5.54455451920674,Germany,DEU,GDP growth (annual %),NY.GDP.MKTP.KD.ZG
DEU,NY.GDP.MKTP.KD.ZG,1.1605715,2010,4.13463778522758,Germany,DEU,GDP growth (annual %),NY.GDP.MKTP.KD.ZG
DEU,NY.GDP.MKTP.KD.ZG,1.1605715,2011,3.75796884489337,Germany,DEU,GDP growth (annual %),NY.GDP.MKTP.KD.ZG
DEU,NY.GDP.MKTP.KD.ZG,1.1605715,2012,.463512036709204,Germany,DEU,GDP growth (annual %),NY.GDP.MKTP.KD.ZG
DEU,NY.GDP.MKTP.KD.ZG,1.1605715,2013,.396995583779145,Germany,DEU,GDP growth (annual %),NY.GDP.MKTP.KD.ZG
DEU,NY.GDP.MKTP.KD.ZG,1.1605715,2014,2.18018602168017,Germany,DEU,GDP growth (annual %),NY.GDP.MKTP.KD.ZG
DEU,NY.GDP.MKTP.KD.ZG,1.1605715,2015,1.66300602334775,Germany,DEU,GDP growth (annual %),NY.GDP.MKTP.KD.ZG
DEU,NY.GDP.MKTP.KD.ZG,1.1605715,2016,2.22222216259371,Germany,DEU,GDP growth (annual %),NY.GDP.MKTP.KD.ZG
DEU,NY.GDP.MKTP.KD.ZG,1.1605715,2017,2.797906720551,Germany,DEU,GDP growth (annual %),NY.GDP.MKTP.KD.ZG
DEU,NY.GDP.MKTP.KD.ZG,1.1605715,2018,1.13569604599849,Germany,DEU,GDP growth (annual %),NY.GDP.MKTP.KD.ZG
DEU,NY.GDP.MKTP.KD.ZG,1.1605715,2019,.977734697038784,Germany,DEU,GDP growth (annual %),NY.GDP.MKTP.KD.ZG
DEU,NY.GDP.MKTP.KD.ZG,1.1605715,2020,-4.13191443239947,Germany,DEU,GDP growth (annual %),NY.GDP.MKTP.KD.ZG
DEU,NY.GDP.MKTP.KD.ZG,1.1605715,2021,3.90999994204108,Germany,DEU,GDP growth (annual %),NY.GDP.MKTP.KD.ZG
DEU,NY.GDP.MKTP.KD.ZG,1.1605715,2022,1.8092581243061,Germany,DEU,GDP growth (annual %),NY.GDP.MKTP.KD.ZG
DEU,NY.GDP.MKTP.KD.ZG,1.1605715,2023,-.869647578573321,Germany,DEU,GDP growth (annual %),NY.GDP.MKTP.KD.ZG
DEU,NY.GDP.MKTP.KD.ZG,1.1605715,2024,-.495851897260366,Germany,DEU,GDP growth (annual %),NY.GDP.MKTP.KD.ZG
DEU,SE.XPD.TOTL.GD.ZS,4.9408031,2006,,Germany,DEU,"Government expenditure on education, total (% of GDP)",SE.XPD.TOTL.GD.ZS
DEU,SE.XPD.TOTL.GD.ZS,4.9408031,2007,,Germany,DEU,"Government expenditure on education, total (% of GDP)",SE.XPD.TOTL.GD.ZS
DEU,SE.XPD.TOTL.GD.ZS,4.9408031,2008,4.47337007522583,Germany,DEU,"Government expenditure on education, total (% of GDP)",SE.XPD.TOTL.GD.ZS
DEU,SE.XPD.TOTL.GD.ZS,4.9408031,2009,,Germany,DEU,"Government expenditure on education, total (% of GDP)",SE.XPD.TOTL.GD.ZS
DEU,SE.XPD.TOTL.GD.ZS,4.9408031,2010,4.99525022506714,Germany,DEU,"Government expenditure on education, total (% of GDP)",SE.XPD.TOTL.GD.ZS
DEU,SE.XPD.TOTL.GD.ZS,4.9408031,2011,4.88583993911743,Germany,DEU,"Government expenditure on education, total (% of GDP)",SE.XPD.TOTL.GD.ZS
DEU,SE.XPD.TOTL.GD.ZS,4.9408031,2012,4.83153009414673,Germany,DEU,"Government expenditure on education, total (% of GDP)",SE.XPD.TOTL.GD.ZS
DEU,SE.XPD.TOTL.GD.ZS,4.9408031,2013,4.83911991119385,Germany,DEU,"Government expenditure on education, total (% of GDP)",SE.XPD.TOTL.GD.ZS
DEU,SE.XPD.TOTL.GD.ZS,4.9408031,2014,4.82582998275757,Germany,DEU,"Government expenditure on education, total (% of GDP)",SE.XPD.TOTL.GD.ZS
DEU,SE.XPD.TOTL.GD.ZS,4.9408031,2015,4.76157999038696,Germany,DEU,"Government expenditure on education, total (% of GDP)",SE.XPD.TOTL.GD.ZS
DEU,SE.XPD.TOTL.GD.ZS,4.9408031,2016,4.74631023406982,Germany,DEU,"Government expenditure on education, total (% of GDP)",SE.XPD.TOTL.GD.ZS
DEU,SE.XPD.TOTL.GD.ZS,4.9408031,2017,4.77830982208252,Germany,DEU,"Government expenditure on education, total (% of GDP)",SE.XPD.TOTL.GD.ZS
DEU,SE.XPD.TOTL.GD.ZS,4.9408031,2018,4.88400983810425,Germany,DEU,"Government expenditure on education, total (% of GDP)",SE.XPD.TOTL.GD.ZS
DEU,SE.XPD.TOTL.GD.ZS,4.9408031,2019,5.02757978439331,Germany,DEU,"Government expenditure on education, total (% of GDP)",SE.XPD.TOTL.GD.ZS
DEU,SE.XPD.TOTL.GD.ZS,4.9408031,2020,5.51600980758667,Germany,DEU,"Government expenditure on education, total (% of GDP)",SE.XPD.TOTL.GD.ZS
DEU,SE.XPD.TOTL.GD.ZS,4.9408031,2021,5.36734008789062,Germany,DEU,"Government expenditure on education, total (% of GDP)",SE.XPD.TOTL.GD.ZS
DEU,SE.XPD.TOTL.GD.ZS,4.9408031,2022,5.23916006088257,Germany,DEU,"Government expenditure on education, total (% of GDP)",SE.XPD.TOTL.GD.ZS
DEU,SE.XPD.TOTL.GD.ZS,4.9408031,2023,,Germany,DEU,"Government expenditure on education, total (% of GDP)",SE.XPD.TOTL.GD.ZS
DEU,SE.XPD.TOTL.GD.ZS,4.9408031,2024,,Germany,DEU,"Government expenditure on education, total (% of GDP)",SE.XPD.TOTL.GD.ZS
EAS,NY.GDP.MKTP.KD.ZG,4.7337999,2006,6.47993129557409,East Asia & Pacific,EAS,GDP growth (annual %),NY.GDP.MKTP.KD.ZG
EAS,NY.GDP.MKTP.KD.ZG,4.7337999,2007,7.48405766634296,East Asia & Pacific,EAS,GDP growth (annual %),NY.GDP.MKTP.KD.ZG
EAS,NY.GDP.MKTP.KD.ZG,4.7337999,2008,4.43315617318123,East Asia & Pacific,EAS,GDP growth (annual %),NY.GDP.MKTP.KD.ZG
EAS,NY.GDP.MKTP.KD.ZG,4.7337999,2009,2.62409609496959,East Asia & Pacific,EAS,GDP growth (annual %),NY.GDP.MKTP.KD.ZG
EAS,NY.GDP.MKTP.KD.ZG,4.7337999,2010,7.62675265966158,East Asia & Pacific,EAS,GDP growth (annual %),NY.GDP.MKTP.KD.ZG
EAS,NY.GDP.MKTP.KD.ZG,4.7337999,2011,5.45100196166661,East Asia & Pacific,EAS,GDP growth (annual %),NY.GDP.MKTP.KD.ZG
EAS,NY.GDP.MKTP.KD.ZG,4.7337999,2012,5.20891395964568,East Asia & Pacific,EAS,GDP growth (annual %),NY.GDP.MKTP.KD.ZG
EAS,NY.GDP.MKTP.KD.ZG,4.7337999,2013,5.27881586451304,East Asia & Pacific,EAS,GDP growth (annual %),NY.GDP.MKTP.KD.ZG
EAS,NY.GDP.MKTP.KD.ZG,4.7337999,2014,4.79835612587867,East Asia & Pacific,EAS,GDP growth (annual %),NY.GDP.MKTP.KD.ZG
EAS,NY.GDP.MKTP.KD.ZG,4.7337999,2015,4.7187640804806,East Asia & Pacific,EAS,GDP growth (annual %),NY.GDP.MKTP.KD.ZG
EAS,NY.GDP.MKTP.KD.ZG,4.7337999,2016,4.65562872024383,East Asia & Pacific,EAS,GDP growth (annual %),NY.GDP.MKTP.KD.ZG
EAS,NY.GDP.MKTP.KD.ZG,4.7337999,2017,5.0621276153982,East Asia & Pacific,EAS,GDP growth (annual %),NY.GDP.MKTP.KD.ZG
EAS,NY.GDP.MKTP.KD.ZG,4.7337999,2018,4.79489718189352,East Asia & Pacific,EAS,GDP growth (annual %),NY.GDP.MKTP.KD.ZG
EAS,NY.GDP.MKTP.KD.ZG,4.7337999,2019,4.04297018230737,East Asia & Pacific,EAS,GDP growth (annual %),NY.GDP.MKTP.KD.ZG
EAS,NY.GDP.MKTP.KD.ZG,4.7337999,2020,-.0574924656287692,East Asia & Pacific,EAS,GDP growth (annual %),NY.GDP.MKTP.KD.ZG
EAS,NY.GDP.MKTP.KD.ZG,4.7337999,2021,6.34482611371077,East Asia & Pacific,EAS,GDP growth (annual %),NY.GDP.MKTP.KD.ZG
EAS,NY.GDP.MKTP.KD.ZG,4.7337999,2022,2.9996184966993,East Asia & Pacific,EAS,GDP growth (annual %),NY.GDP.MKTP.KD.ZG
EAS,NY.GDP.MKTP.KD.ZG,4.7337999,2023,4.20566738267351,East Asia & Pacific,EAS,GDP growth (annual %),NY.GDP.MKTP.KD.ZG
EAS,NY.GDP.MKTP.KD.ZG,4.7337999,2024,3.79010550023051,East Asia & Pacific,EAS,GDP growth (annual %),NY.GDP.MKTP.KD.ZG
EAS,SE.XPD.TOTL.GD.ZS,3.3881328,2006,,East Asia & Pacific,EAS,"Government expenditure on education, total (% of GDP)",SE.XPD.TOTL.GD.ZS
EAS,SE.XPD.TOTL.GD.ZS,3.3881328,2007,3.17887997627258,East Asia & Pacific,EAS,"Government expenditure on education, total (% of GDP)",SE.XPD.TOTL.GD.ZS
EAS,SE.XPD.TOTL.GD.ZS,3.3881328,2008,3.26652491092682,East Asia & Pacific,EAS,"Government expenditure on education, total (% of GDP)",SE.XPD.TOTL.GD.ZS
EAS,SE.XPD.TOTL.GD.ZS,3.3881328,2009,3.86193990707398,East Asia & Pacific,EAS,"Government expenditure on education, total (% of GDP)",SE.XPD.TOTL.GD.ZS
EAS,SE.XPD.TOTL.GD.ZS,3.3881328,2010,3.51003003120422,East Asia & Pacific,EAS,"Government expenditure on education, total (% of GDP)",SE.XPD.TOTL.GD.ZS
EAS,SE.XPD.TOTL.GD.ZS,3.3881328,2011,3.51174998283386,East Asia & Pacific,EAS,"Government expenditure on education, total (% of GDP)",SE.XPD.TOTL.GD.ZS
EAS,SE.XPD.TOTL.GD.ZS,3.3881328,2012,3.50960993766785,East Asia & Pacific,EAS,"Government expenditure on education, total (% of GDP)",SE.XPD.TOTL.GD.ZS
EAS,SE.XPD.TOTL.GD.ZS,3.3881328,2013,3.94217002391815,East Asia & Pacific,EAS,"Government expenditure on education, total (% of GDP)",SE.XPD.TOTL.GD.ZS
EAS,SE.XPD.TOTL.GD.ZS,3.3881328,2014,3.54012312110584,East Asia & Pacific,EAS,"Government expenditure on education, total (% of GDP)",SE.XPD.TOTL.GD.ZS
EAS,SE.XPD.TOTL.GD.ZS,3.3881328,2015,3.50010227049996,East Asia & Pacific,EAS,"Government expenditure on education, total (% of GDP)",SE.XPD.TOTL.GD.ZS
EAS,SE.XPD.TOTL.GD.ZS,3.3881328,2016,3.38517552407879,East Asia & Pacific,EAS,"Government expenditure on education, total (% of GDP)",SE.XPD.TOTL.GD.ZS
EAS,SE.XPD.TOTL.GD.ZS,3.3881328,2017,3.41865686539527,East Asia & Pacific,EAS,"Government expenditure on education, total (% of GDP)",SE.XPD.TOTL.GD.ZS
EAS,SE.XPD.TOTL.GD.ZS,3.3881328,2018,3.19769395901619,East Asia & Pacific,EAS,"Government expenditure on education, total (% of GDP)",SE.XPD.TOTL.GD.ZS
EAS,SE.XPD.TOTL.GD.ZS,3.3881328,2019,3.08499832693462,East Asia & Pacific,EAS,"Government expenditure on education, total (% of GDP)",SE.XPD.TOTL.GD.ZS
EAS,SE.XPD.TOTL.GD.ZS,3.3881328,2020,3.30628991127014,East Asia & Pacific,EAS,"Government expenditure on education, total (% of GDP)",SE.XPD.TOTL.GD.ZS
EAS,SE.XPD.TOTL.GD.ZS,3.3881328,2021,2.98212428478268,East Asia & Pacific,EAS,"Government expenditure on education, total (% of GDP)",SE.XPD.TOTL.GD.ZS
EAS,SE.XPD.TOTL.GD.ZS,3.3881328,2022,2.88738689372749,East Asia & Pacific,EAS,"Government expenditure on education, total (% of GDP)",SE.XPD.TOTL.GD.ZS
EAS,SE.XPD.TOTL.GD.ZS,3.3881328,2023,3.51480007171631,East Asia & Pacific,EAS,"Government expenditure on education, total (% of GDP)",SE.XPD.TOTL.GD.ZS
EAS,SE.XPD.TOTL.GD.ZS,3.3881328,2024,,East Asia & Pacific,EAS,"Government expenditure on education, total (% of GDP)",SE.XPD.TOTL.GD.ZS
EUU,NY.GDP.MKTP.KD.ZG,1.3107345,2006,3.56754077134353,European Union,EUU,GDP growth (annual %),NY.GDP.MKTP.KD.ZG
EUU,NY.GDP.MKTP.KD.ZG,1.3107345,2007,3.1418356676346,European Union,EUU,GDP growth (annual %),NY.GDP.MKTP.KD.ZG
EUU,NY.GDP.MKTP.KD.ZG,1.3107345,2008,.617986886948557,European Union,EUU,GDP growth (annual %),NY.GDP.MKTP.KD.ZG
EUU,NY.GDP.MKTP.KD.ZG,1.3107345,2009,-4.31208831896208,European Union,EUU,GDP growth (annual %),NY.GDP.MKTP.KD.ZG
EUU,NY.GDP.MKTP.KD.ZG,1.3107345,2010,2.18180099957814,European Union,EUU,GDP growth (annual %),NY.GDP.MKTP.KD.ZG
EUU,NY.GDP.MKTP.KD.ZG,1.3107345,2011,1.96060087405088,European Union,EUU,GDP growth (annual %),NY.GDP.MKTP.KD.ZG
EUU,NY.GDP.MKTP.KD.ZG,1.3107345,2012,-.764417073931995,European Union,EUU,GDP growth (annual %),NY.GDP.MKTP.KD.ZG
EUU,NY.GDP.MKTP.KD.ZG,1.3107345,2013,-.0330405739034489,European Union,EUU,GDP growth (annual %),NY.GDP.MKTP.KD.ZG
EUU,NY.GDP.MKTP.KD.ZG,1.3107345,2014,1.63272217207495,European Union,EUU,GDP growth (annual %),NY.GDP.MKTP.KD.ZG
EUU,NY.GDP.MKTP.KD.ZG,1.3107345,2015,2.37195304560174,European Union,EUU,GDP growth (annual %),NY.GDP.MKTP.KD.ZG
EUU,NY.GDP.MKTP.KD.ZG,1.3107345,2016,1.91998029828646,European Union,EUU,GDP growth (annual %),NY.GDP.MKTP.KD.ZG
EUU,NY.GDP.MKTP.KD.ZG,1.3107345,2017,2.81811045546294,European Union,EUU,GDP growth (annual %),NY.GDP.MKTP.KD.ZG
EUU,NY.GDP.MKTP.KD.ZG,1.3107345,2018,2.04642012743825,European Union,EUU,GDP growth (annual %),NY.GDP.MKTP.KD.ZG
EUU,NY.GDP.MKTP.KD.ZG,1.3107345,2019,1.87524696216217,European Union,EUU,GDP growth (annual %),NY.GDP.MKTP.KD.ZG
EUU,NY.GDP.MKTP.KD.ZG,1.3107345,2020,-5.57888055659984,European Union,EUU,GDP growth (annual %),NY.GDP.MKTP.KD.ZG
EUU,NY.GDP.MKTP.KD.ZG,1.3107345,2021,6.37775013900981,European Union,EUU,GDP growth (annual %),NY.GDP.MKTP.KD.ZG
EUU,NY.GDP.MKTP.KD.ZG,1.3107345,2022,3.56155233245134,European Union,EUU,GDP growth (annual %),NY.GDP.MKTP.KD.ZG
EUU,NY.GDP.MKTP.KD.ZG,1.3107345,2023,.454322708045169,European Union,EUU,GDP growth (annual %),NY.GDP.MKTP.KD.ZG
EUU,NY.GDP.MKTP.KD.ZG,1.3107345,2024,1.06455789818658,European Union,EUU,GDP growth (annual %),NY.GDP.MKTP.KD.ZG
EUU,SE.XPD.TOTL.GD.ZS,4.9174232,2006,4.94490003585815,European Union,EUU,"Government expenditure on education, total (% of GDP)",SE.XPD.TOTL.GD.ZS
EUU,SE.XPD.TOTL.GD.ZS,4.9174232,2007,4.85854005813599,European Union,EUU,"Government expenditure on education, total (% of GDP)",SE.XPD.TOTL.GD.ZS
EUU,SE.XPD.TOTL.GD.ZS,4.9174232,2008,4.99737977981567,European Union,EUU,"Government expenditure on education, total (% of GDP)",SE.XPD.TOTL.GD.ZS
EUU,SE.XPD.TOTL.GD.ZS,4.9174232,2009,5.56628489494324,European Union,EUU,"Government expenditure on education, total (% of GDP)",SE.XPD.TOTL.GD.ZS
EUU,SE.XPD.TOTL.GD.ZS,4.9174232,2010,5.36880016326904,European Union,EUU,"Government expenditure on education, total (% of GDP)",SE.XPD.TOTL.GD.ZS
EUU,SE.XPD.TOTL.GD.ZS,4.9174232,2011,5.11688995361328,European Union,EUU,"Government expenditure on education, total (% of GDP)",SE.XPD.TOTL.GD.ZS
EUU,SE.XPD.TOTL.GD.ZS,4.9174232,2012,4.83311986923218,European Union,EUU,"Government expenditure on education, total (% of GDP)",SE.XPD.TOTL.GD.ZS
EUU,SE.XPD.TOTL.GD.ZS,4.9174232,2013,4.99780988693237,European Union,EUU,"Government expenditure on education, total (% of GDP)",SE.XPD.TOTL.GD.ZS
EUU,SE.XPD.TOTL.GD.ZS,4.9174232,2014,4.93859004974365,European Union,EUU,"Government expenditure on education, total (% of GDP)",SE.XPD.TOTL.GD.ZS
EUU,SE.XPD.TOTL.GD.ZS,4.9174232,2015,4.8942699432373,European Union,EUU,"Government expenditure on education, total (% of GDP)",SE.XPD.TOTL.GD.ZS
EUU,SE.XPD.TOTL.GD.ZS,4.9174232,2016,4.8338451385498,European Union,EUU,"Government expenditure on education, total (% of GDP)",SE.XPD.TOTL.GD.ZS
EUU,SE.XPD.TOTL.GD.ZS,4.9174232,2017,4.64757013320923,European Union,EUU,"Government expenditure on education, total (% of GDP)",SE.XPD.TOTL.GD.ZS
EUU,SE.XPD.TOTL.GD.ZS,4.9174232,2018,4.59164500236511,European Union,EUU,"Government expenditure on education, total (% of GDP)",SE.XPD.TOTL.GD.ZS
EUU,SE.XPD.TOTL.GD.ZS,4.9174232,2019,4.62736988067627,European Union,EUU,"Government expenditure on education, total (% of GDP)",SE.XPD.TOTL.GD.ZS
EUU,SE.XPD.TOTL.GD.ZS,4.9174232,2020,4.93079495429992,European Union,EUU,"Government expenditure on education, total (% of GDP)",SE.XPD.TOTL.GD.ZS
EUU,SE.XPD.TOTL.GD.ZS,4.9174232,2021,4.79329490661621,European Union,EUU,"Government expenditure on education, total (% of GDP)",SE.XPD.TOTL.GD.ZS
EUU,SE.XPD.TOTL.GD.ZS,4.9174232,2022,4.65508985519409,European Union,EUU,"Government expenditure on education, total (% of GDP)",SE.XPD.TOTL.GD.ZS
EUU,SE.XPD.TOTL.GD.ZS,4.9174232,2023,,European Union,EUU,"Government expenditure on education, total (% of GDP)",SE.XPD.TOTL.GD.ZS
EUU,SE.XPD.TOTL.GD.ZS,4.9174232,2024,,European Union,EUU,"Government expenditure on education, total (% of GDP)",SE.XPD.TOTL.GD.ZS
FIN,NY.GDP.MKTP.KD.ZG,.73309278,2006,4.01957326515895,Finland,FIN,GDP growth (annual %),NY.GDP.MKTP.KD.ZG
FIN,NY.GDP.MKTP.KD.ZG,.73309278,2007,5.31280176694145,Finland,FIN,GDP growth (annual %),NY.GDP.MKTP.KD.ZG
FIN,NY.GDP.MKTP.KD.ZG,.73309278,2008,.784431235717051,Finland,FIN,GDP growth (annual %),NY.GDP.MKTP.KD.ZG
FIN,NY.GDP.MKTP.KD.ZG,.73309278,2009,-8.076031165523929,Finland,FIN,GDP growth (annual %),NY.GDP.MKTP.KD.ZG
FIN,NY.GDP.MKTP.KD.ZG,.73309278,2010,3.1682879121621,Finland,FIN,GDP growth (annual %),NY.GDP.MKTP.KD.ZG
FIN,NY.GDP.MKTP.KD.ZG,.73309278,2011,2.39039455396828,Finland,FIN,GDP growth (annual %),NY.GDP.MKTP.KD.ZG
FIN,NY.GDP.MKTP.KD.ZG,.73309278,2012,-1.52284013040689,Finland,FIN,GDP growth (annual %),NY.GDP.MKTP.KD.ZG
FIN,NY.GDP.MKTP.KD.ZG,.73309278,2013,-.979741024949618,Finland,FIN,GDP growth (annual %),NY.GDP.MKTP.KD.ZG
FIN,NY.GDP.MKTP.KD.ZG,.73309278,2014,-.4780684247837,Finland,FIN,GDP growth (annual %),NY.GDP.MKTP.KD.ZG
FIN,NY.GDP.MKTP.KD.ZG,.73309278,2015,.466503766322674,Finland,FIN,GDP growth (annual %),NY.GDP.MKTP.KD.ZG
FIN,NY.GDP.MKTP.KD.ZG,.73309278,2016,2.57193414898754,Finland,FIN,GDP growth (annual %),NY.GDP.MKTP.KD.ZG
FIN,NY.GDP.MKTP.KD.ZG,.73309278,2017,3.30337003591039,Finland,FIN,GDP growth (annual %),NY.GDP.MKTP.KD.ZG
FIN,NY.GDP.MKTP.KD.ZG,.73309278,2018,1.19297759742292,Finland,FIN,GDP growth (annual %),NY.GDP.MKTP.KD.ZG
FIN,NY.GDP.MKTP.KD.ZG,.73309278,2019,1.34973845741737,Finland,FIN,GDP growth (annual %),NY.GDP.MKTP.KD.ZG
FIN,NY.GDP.MKTP.KD.ZG,.73309278,2020,-2.49103605535707,Finland,FIN,GDP growth (annual %),NY.GDP.MKTP.KD.ZG
FIN,NY.GDP.MKTP.KD.ZG,.73309278,2021,2.67634641498897,Finland,FIN,GDP growth (annual %),NY.GDP.MKTP.KD.ZG
FIN,NY.GDP.MKTP.KD.ZG,.73309278,2022,.763041912763526,Finland,FIN,GDP growth (annual %),NY.GDP.MKTP.KD.ZG
FIN,NY.GDP.MKTP.KD.ZG,.73309278,2023,-.939093459613758,Finland,FIN,GDP growth (annual %),NY.GDP.MKTP.KD.ZG
FIN,NY.GDP.MKTP.KD.ZG,.73309278,2024,.416171964862073,Finland,FIN,GDP growth (annual %),NY.GDP.MKTP.KD.ZG
FIN,SE.XPD.TOTL.GD.ZS,6.5364847,2006,5.92960977554321,Finland,FIN,"Government expenditure on education, total (% of GDP)",SE.XPD.TOTL.GD.ZS
FIN,SE.XPD.TOTL.GD.ZS,6.5364847,2007,5.67164993286133,Finland,FIN,"Government expenditure on education, total (% of GDP)",SE.XPD.TOTL.GD.ZS
FIN,SE.XPD.TOTL.GD.ZS,6.5364847,2008,5.83046007156372,Finland,FIN,"Government expenditure on education, total (% of GDP)",SE.XPD.TOTL.GD.ZS
FIN,SE.XPD.TOTL.GD.ZS,6.5364847,2009,6.45998001098633,Finland,FIN,"Government expenditure on education, total (% of GDP)",SE.XPD.TOTL.GD.ZS
FIN,SE.XPD.TOTL.GD.ZS,6.5364847,2010,6.504310131073,Finland,FIN,"Government expenditure on education, total (% of GDP)",SE.XPD.TOTL.GD.ZS
FIN,SE.XPD.TOTL.GD.ZS,6.5364847,2011,6.45624017715454,Finland,FIN,"Government expenditure on education, total (% of GDP)",SE.XPD.TOTL.GD.ZS
FIN,SE.XPD.TOTL.GD.ZS,6.5364847,2012,7.1715497970581,Finland,FIN,"Government expenditure on education, total (% of GDP)",SE.XPD.TOTL.GD.ZS
FIN,SE.XPD.TOTL.GD.ZS,6.5364847,2013,7.15288019180298,Finland,FIN,"Government expenditure on education, total (% of GDP)",SE.XPD.TOTL.GD.ZS
FIN,SE.XPD.TOTL.GD.ZS,6.5364847,2014,7.13832998275757,Finland,FIN,"Government expenditure on education, total (% of GDP)",SE.XPD.TOTL.GD.ZS
FIN,SE.XPD.TOTL.GD.ZS,6.5364847,2015,7.07199001312256,Finland,FIN,"Government expenditure on education, total (% of GDP)",SE.XPD.TOTL.GD.ZS
FIN,SE.XPD.TOTL.GD.ZS,6.5364847,2016,6.90873003005981,Finland,FIN,"Government expenditure on education, total (% of GDP)",SE.XPD.TOTL.GD.ZS
FIN,SE.XPD.TOTL.GD.ZS,6.5364847,2017,6.40826988220215,Finland,FIN,"Government expenditure on education, total (% of GDP)",SE.XPD.TOTL.GD.ZS
FIN,SE.XPD.TOTL.GD.ZS,6.5364847,2018,6.31771993637085,Finland,FIN,"Government expenditure on education, total (% of GDP)",SE.XPD.TOTL.GD.ZS
FIN,SE.XPD.TOTL.GD.ZS,6.5364847,2019,6.45300006866455,Finland,FIN,"Government expenditure on education, total (% of GDP)",SE.XPD.TOTL.GD.ZS
FIN,SE.XPD.TOTL.GD.ZS,6.5364847,2020,6.6812801361084,Finland,FIN,"Government expenditure on education, total (% of GDP)",SE.XPD.TOTL.GD.ZS
FIN,SE.XPD.TOTL.GD.ZS,6.5364847,2021,6.58820009231567,Finland,FIN,"Government expenditure on education, total (% of GDP)",SE.XPD.TOTL.GD.ZS
FIN,SE.XPD.TOTL.GD.ZS,6.5364847,2022,6.37603998184204,Finland,FIN,"Government expenditure on education, total (% of GDP)",SE.XPD.TOTL.GD.ZS
FIN,SE.XPD.TOTL.GD.ZS,6.5364847,2023,,Finland,FIN,"Government expenditure on education, total (% of GDP)",SE.XPD.TOTL.GD.ZS
FIN,SE.XPD.TOTL.GD.ZS,6.5364847,2024,,Finland,FIN,"Government expenditure on education, total (% of GDP)",SE.XPD.TOTL.GD.ZS
GBR,NY.GDP.MKTP.KD.ZG,1.3275563,2006,2.18982132415704,United Kingdom,GBR,GDP growth (annual %),NY.GDP.MKTP.KD.ZG
GBR,NY.GDP.MKTP.KD.ZG,1.3275563,2007,2.93091133582351,United Kingdom,GBR,GDP growth (annual %),NY.GDP.MKTP.KD.ZG
GBR,NY.GDP.MKTP.KD.ZG,1.3275563,2008,-.0494116727402769,United Kingdom,GBR,GDP growth (annual %),NY.GDP.MKTP.KD.ZG
GBR,NY.GDP.MKTP.KD.ZG,1.3275563,2009,-4.58740819226323,United Kingdom,GBR,GDP growth (annual %),NY.GDP.MKTP.KD.ZG
GBR,NY.GDP.MKTP.KD.ZG,1.3275563,2010,2.26054460931586,United Kingdom,GBR,GDP growth (annual %),NY.GDP.MKTP.KD.ZG
GBR,NY.GDP.MKTP.KD.ZG,1.3275563,2011,.851437739020326,United Kingdom,GBR,GDP growth (annual %),NY.GDP.MKTP.KD.ZG
GBR,NY.GDP.MKTP.KD.ZG,1.3275563,2012,1.52826034721852,United Kingdom,GBR,GDP growth (annual %),NY.GDP.MKTP.KD.ZG
GBR,NY.GDP.MKTP.KD.ZG,1.3275563,2013,1.71846961308464,United Kingdom,GBR,GDP growth (annual %),NY.GDP.MKTP.KD.ZG
GBR,NY.GDP.MKTP.KD.ZG,1.3275563,2014,3.16017351468152,United Kingdom,GBR,GDP growth (annual %),NY.GDP.MKTP.KD.ZG
GBR,NY.GDP.MKTP.KD.ZG,1.3275563,2015,2.14040560033371,United Kingdom,GBR,GDP growth (annual %),NY.GDP.MKTP.KD.ZG
GBR,NY.GDP.MKTP.KD.ZG,1.3275563,2016,2.20652020635357,United Kingdom,GBR,GDP growth (annual %),NY.GDP.MKTP.KD.ZG
GBR,NY.GDP.MKTP.KD.ZG,1.3275563,2017,3.02322219840339,United Kingdom,GBR,GDP growth (annual %),NY.GDP.MKTP.KD.ZG
GBR,NY.GDP.MKTP.KD.ZG,1.3275563,2018,1.55133095078786,United Kingdom,GBR,GDP growth (annual %),NY.GDP.MKTP.KD.ZG
GBR,NY.GDP.MKTP.KD.ZG,1.3275563,2019,1.25629899760824,United Kingdom,GBR,GDP growth (annual %),NY.GDP.MKTP.KD.ZG
GBR,NY.GDP.MKTP.KD.ZG,1.3275563,2020,-10.047896637362,United Kingdom,GBR,GDP growth (annual %),NY.GDP.MKTP.KD.ZG
GBR,NY.GDP.MKTP.KD.ZG,1.3275563,2021,8.5431118453255,United Kingdom,GBR,GDP growth (annual %),NY.GDP.MKTP.KD.ZG
GBR,NY.GDP.MKTP.KD.ZG,1.3275563,2022,5.14970388522993,United Kingdom,GBR,GDP growth (annual %),NY.GDP.MKTP.KD.ZG
GBR,NY.GDP.MKTP.KD.ZG,1.3275563,2023,.271650048355255,United Kingdom,GBR,GDP growth (annual %),NY.GDP.MKTP.KD.ZG
GBR,NY.GDP.MKTP.KD.ZG,1.3275563,2024,1.1264226705118,United Kingdom,GBR,GDP growth (annual %),NY.GDP.MKTP.KD.ZG
GBR,SE.XPD.TOTL.GD.ZS,5.3678393,2006,4.97649002075195,United Kingdom,GBR,"Government expenditure on education, total (% of GDP)",SE.XPD.TOTL.GD.ZS
GBR,SE.XPD.TOTL.GD.ZS,5.3678393,2007,4.9244499206543,United Kingdom,GBR,"Government expenditure on education, total (% of GDP)",SE.XPD.TOTL.GD.ZS
GBR,SE.XPD.TOTL.GD.ZS,5.3678393,2008,4.90973997116089,United Kingdom,GBR,"Government expenditure on education, total (% of GDP)",SE.XPD.TOTL.GD.ZS
GBR,SE.XPD.TOTL.GD.ZS,5.3678393,2009,5.06263017654419,United Kingdom,GBR,"Government expenditure on education, total (% of GDP)",SE.XPD.TOTL.GD.ZS
GBR,SE.XPD.TOTL.GD.ZS,5.3678393,2010,5.69867992401123,United Kingdom,GBR,"Government expenditure on education, total (% of GDP)",SE.XPD.TOTL.GD.ZS
GBR,SE.XPD.TOTL.GD.ZS,5.3678393,2011,5.57218980789185,United Kingdom,GBR,"Government expenditure on education, total (% of GDP)",SE.XPD.TOTL.GD.ZS
GBR,SE.XPD.TOTL.GD.ZS,5.3678393,2012,,United Kingdom,GBR,"Government expenditure on education, total (% of GDP)",SE.XPD.TOTL.GD.ZS
GBR,SE.XPD.TOTL.GD.ZS,5.3678393,2013,5.52530002593994,United Kingdom,GBR,"Government expenditure on education, total (% of GDP)",SE.XPD.TOTL.GD.ZS
GBR,SE.XPD.TOTL.GD.ZS,5.3678393,2014,5.60134983062744,United Kingdom,GBR,"Government expenditure on education, total (% of GDP)",SE.XPD.TOTL.GD.ZS
GBR,SE.XPD.TOTL.GD.ZS,5.3678393,2015,5.55452013015747,United Kingdom,GBR,"Government expenditure on education, total (% of GDP)",SE.XPD.TOTL.GD.ZS
GBR,SE.XPD.TOTL.GD.ZS,5.3678393,2016,5.42795991897583,United Kingdom,GBR,"Government expenditure on education, total (% of GDP)",SE.XPD.TOTL.GD.ZS
GBR,SE.XPD.TOTL.GD.ZS,5.3678393,2017,5.45256996154785,United Kingdom,GBR,"Government expenditure on education, total (% of GDP)",SE.XPD.TOTL.GD.ZS
GBR,SE.XPD.TOTL.GD.ZS,5.3678393,2018,5.20437002182007,United Kingdom,GBR,"Government expenditure on education, total (% of GDP)",SE.XPD.TOTL.GD.ZS
GBR,SE.XPD.TOTL.GD.ZS,5.3678393,2019,5.26115989685059,United Kingdom,GBR,"Government expenditure on education, total (% of GDP)",SE.XPD.TOTL.GD.ZS
GBR,SE.XPD.TOTL.GD.ZS,5.3678393,2020,5.43935012817383,United Kingdom,GBR,"Government expenditure on education, total (% of GDP)",SE.XPD.TOTL.GD.ZS
GBR,SE.XPD.TOTL.GD.ZS,5.3678393,2021,5.90682983398438,United Kingdom,GBR,"Government expenditure on education, total (% of GDP)",SE.XPD.TOTL.GD.ZS
GBR,SE.XPD.TOTL.GD.ZS,5.3678393,2022,,United Kingdom,GBR,"Government expenditure on education, total (% of GDP)",SE.XPD.TOTL.GD.ZS
GBR,SE.XPD.TOTL.GD.ZS,5.3678393,2023,,United Kingdom,GBR,"Government expenditure on education, total (% of GDP)",SE.XPD.TOTL.GD.ZS
GBR,SE.XPD.TOTL.GD.ZS,5.3678393,2024,,United Kingdom,GBR,"Government expenditure on education, total (% of GDP)",SE.XPD.TOTL.GD.ZS
KOR,NY.GDP.MKTP.KD.ZG,3.1513956,2006,5.24500550580342,"Korea, Rep.",KOR,GDP growth (annual %),NY.GDP.MKTP.KD.ZG
KOR,NY.GDP.MKTP.KD.ZG,3.1513956,2007,5.8419633918717,"Korea, Rep.",KOR,GDP growth (annual %),NY.GDP.MKTP.KD.ZG
KOR,NY.GDP.MKTP.KD.ZG,3.1513956,2008,3.00440451679569,"Korea, Rep.",KOR,GDP growth (annual %),NY.GDP.MKTP.KD.ZG
KOR,NY.GDP.MKTP.KD.ZG,3.1513956,2009,.81986175641795,"Korea, Rep.",KOR,GDP growth (annual %),NY.GDP.MKTP.KD.ZG
KOR,NY.GDP.MKTP.KD.ZG,3.1513956,2010,6.98166138853071,"Korea, Rep.",KOR,GDP growth (annual %),NY.GDP.MKTP.KD.ZG
KOR,NY.GDP.MKTP.KD.ZG,3.1513956,2011,3.6880320602952,"Korea, Rep.",KOR,GDP growth (annual %),NY.GDP.MKTP.KD.ZG
KOR,NY.GDP.MKTP.KD.ZG,3.1513956,2012,2.54766550568242,"Korea, Rep.",KOR,GDP growth (annual %),NY.GDP.MKTP.KD.ZG
KOR,NY.GDP.MKTP.KD.ZG,3.1513956,2013,3.2913959543442,"Korea, Rep.",KOR,GDP growth (annual %),NY.GDP.MKTP.KD.ZG
KOR,NY.GDP.MKTP.KD.ZG,3.1513956,2014,3.21468019683108,"Korea, Rep.",KOR,GDP growth (annual %),NY.GDP.MKTP.KD.ZG
KOR,NY.GDP.MKTP.KD.ZG,3.1513956,2015,2.92029267301234,"Korea, Rep.",KOR,GDP growth (annual %),NY.GDP.MKTP.KD.ZG
KOR,NY.GDP.MKTP.KD.ZG,3.1513956,2016,3.17152748983935,"Korea, Rep.",KOR,GDP growth (annual %),NY.GDP.MKTP.KD.ZG
KOR,NY.GDP.MKTP.KD.ZG,3.1513956,2017,3.433191763972,"Korea, Rep.",KOR,GDP growth (annual %),NY.GDP.MKTP.KD.ZG
KOR,NY.GDP.MKTP.KD.ZG,3.1513956,2018,3.17611568177327,"Korea, Rep.",KOR,GDP growth (annual %),NY.GDP.MKTP.KD.ZG
KOR,NY.GDP.MKTP.KD.ZG,3.1513956,2019,2.31380210595475,"Korea, Rep.",KOR,GDP growth (annual %),NY.GDP.MKTP.KD.ZG
KOR,NY.GDP.MKTP.KD.ZG,3.1513956,2020,-.700242317542106,"Korea, Rep.",KOR,GDP growth (annual %),NY.GDP.MKTP.KD.ZG
KOR,NY.GDP.MKTP.KD.ZG,3.1513956,2021,4.61296795454287,"Korea, Rep.",KOR,GDP growth (annual %),NY.GDP.MKTP.KD.ZG
KOR,NY.GDP.MKTP.KD.ZG,3.1513956,2022,2.72756456708991,"Korea, Rep.",KOR,GDP growth (annual %),NY.GDP.MKTP.KD.ZG
KOR,NY.GDP.MKTP.KD.ZG,3.1513956,2023,1.58301467403629,"Korea, Rep.",KOR,GDP growth (annual %),NY.GDP.MKTP.KD.ZG
KOR,NY.GDP.MKTP.KD.ZG,3.1513956,2024,2.00361101838986,"Korea, Rep.",KOR,GDP growth (annual %),NY.GDP.MKTP.KD.ZG
KOR,SE.XPD.TOTL.GD.ZS,4.7175975,2006,,"Korea, Rep.",KOR,"Government expenditure on education, total (% of GDP)",SE.XPD.TOTL.GD.ZS
KOR,SE.XPD.TOTL.GD.ZS,4.7175975,2007,,"Korea, Rep.",KOR,"Government expenditure on education, total (% of GDP)",SE.XPD.TOTL.GD.ZS
KOR,SE.XPD.TOTL.GD.ZS,4.7175975,2008,,"Korea, Rep.",KOR,"Government expenditure on education, total (% of GDP)",SE.XPD.TOTL.GD.ZS
KOR,SE.XPD.TOTL.GD.ZS,4.7175975,2009,,"Korea, Rep.",KOR,"Government expenditure on education, total (% of GDP)",SE.XPD.TOTL.GD.ZS
KOR,SE.XPD.TOTL.GD.ZS,4.7175975,2010,,"Korea, Rep.",KOR,"Government expenditure on education, total (% of GDP)",SE.XPD.TOTL.GD.ZS
KOR,SE.XPD.TOTL.GD.ZS,4.7175975,2011,,"Korea, Rep.",KOR,"Government expenditure on education, total (% of GDP)",SE.XPD.TOTL.GD.ZS
KOR,SE.XPD.TOTL.GD.ZS,4.7175975,2012,,"Korea, Rep.",KOR,"Government expenditure on education, total (% of GDP)",SE.XPD.TOTL.GD.ZS
KOR,SE.XPD.TOTL.GD.ZS,4.7175975,2013,,"Korea, Rep.",KOR,"Government expenditure on education, total (% of GDP)",SE.XPD.TOTL.GD.ZS
KOR,SE.XPD.TOTL.GD.ZS,4.7175975,2014,,"Korea, Rep.",KOR,"Government expenditure on education, total (% of GDP)",SE.XPD.TOTL.GD.ZS
KOR,SE.XPD.TOTL.GD.ZS,4.7175975,2015,4.45423984527588,"Korea, Rep.",KOR,"Government expenditure on education, total (% of GDP)",SE.XPD.TOTL.GD.ZS
KOR,SE.XPD.TOTL.GD.ZS,4.7175975,2016,4.33309984207153,"Korea, Rep.",KOR,"Government expenditure on education, total (% of GDP)",SE.XPD.TOTL.GD.ZS
KOR,SE.XPD.TOTL.GD.ZS,4.7175975,2017,4.32823991775513,"Korea, Rep.",KOR,"Government expenditure on education, total (% of GDP)",SE.XPD.TOTL.GD.ZS
KOR,SE.XPD.TOTL.GD.ZS,4.7175975,2018,4.45807981491089,"Korea, Rep.",KOR,"Government expenditure on education, total (% of GDP)",SE.XPD.TOTL.GD.ZS
KOR,SE.XPD.TOTL.GD.ZS,4.7175975,2019,4.68465995788574,"Korea, Rep.",KOR,"Government expenditure on education, total (% of GDP)",SE.XPD.TOTL.GD.ZS
KOR,SE.XPD.TOTL.GD.ZS,4.7175975,2020,4.8017201423645,"Korea, Rep.",KOR,"Government expenditure on education, total (% of GDP)",SE.XPD.TOTL.GD.ZS
KOR,SE.XPD.TOTL.GD.ZS,4.7175975,2021,4.86627006530762,"Korea, Rep.",KOR,"Government expenditure on education, total (% of GDP)",SE.XPD.TOTL.GD.ZS
KOR,SE.XPD.TOTL.GD.ZS,4.7175975,2022,5.81446981430054,"Korea, Rep.",KOR,"Government expenditure on education, total (% of GDP)",SE.XPD.TOTL.GD.ZS
KOR,SE.XPD.TOTL.GD.ZS,4.7175975,2023,,"Korea, Rep.",KOR,"Government expenditure on education, total (% of GDP)",SE.XPD.TOTL.GD.ZS
KOR,SE.XPD.TOTL.GD.ZS,4.7175975,2024,,"Korea, Rep.",KOR,"Government expenditure on education, total (% of GDP)",SE.XPD.TOTL.GD.ZS
LAC,NY.GDP.MKTP.KD.ZG,2.1899922,2006,5.22968859109878,Latin America & Caribbean (excluding high income),LAC,GDP growth (annual %),NY.GDP.MKTP.KD.ZG
LAC,NY.GDP.MKTP.KD.ZG,2.1899922,2007,5.30259334393376,Latin America & Caribbean (excluding high income),LAC,GDP growth (annual %),NY.GDP.MKTP.KD.ZG
LAC,NY.GDP.MKTP.KD.ZG,2.1899922,2008,3.72840193518242,Latin America & Caribbean (excluding high income),LAC,GDP growth (annual %),NY.GDP.MKTP.KD.ZG
LAC,NY.GDP.MKTP.KD.ZG,2.1899922,2009,-2.42374983354138,Latin America & Caribbean (excluding high income),LAC,GDP growth (annual %),NY.GDP.MKTP.KD.ZG
LAC,NY.GDP.MKTP.KD.ZG,2.1899922,2010,6.68617840114332,Latin America & Caribbean (excluding high income),LAC,GDP growth (annual %),NY.GDP.MKTP.KD.ZG
LAC,NY.GDP.MKTP.KD.ZG,2.1899922,2011,4.4260068185209,Latin America & Caribbean (excluding high income),LAC,GDP growth (annual %),NY.GDP.MKTP.KD.ZG
LAC,NY.GDP.MKTP.KD.ZG,2.1899922,2012,2.3429427855651,Latin America & Caribbean (excluding high income),LAC,GDP growth (annual %),NY.GDP.MKTP.KD.ZG
LAC,NY.GDP.MKTP.KD.ZG,2.1899922,2013,2.76886473638966,Latin America & Caribbean (excluding high income),LAC,GDP growth (annual %),NY.GDP.MKTP.KD.ZG
LAC,NY.GDP.MKTP.KD.ZG,2.1899922,2014,1.26970326025739,Latin America & Caribbean (excluding high income),LAC,GDP growth (annual %),NY.GDP.MKTP.KD.ZG
LAC,NY.GDP.MKTP.KD.ZG,2.1899922,2015,.252853446703966,Latin America & Caribbean (excluding high income),LAC,GDP growth (annual %),NY.GDP.MKTP.KD.ZG
LAC,NY.GDP.MKTP.KD.ZG,2.1899922,2016,-.536114860487686,Latin America & Caribbean (excluding high income),LAC,GDP growth (annual %),NY.GDP.MKTP.KD.ZG
LAC,NY.GDP.MKTP.KD.ZG,2.1899922,2017,1.98152090808898,Latin America & Caribbean (excluding high income),LAC,GDP growth (annual %),NY.GDP.MKTP.KD.ZG
LAC,NY.GDP.MKTP.KD.ZG,2.1899922,2018,1.54415671756763,Latin America & Caribbean (excluding high income),LAC,GDP growth (annual %),NY.GDP.MKTP.KD.ZG
LAC,NY.GDP.MKTP.KD.ZG,2.1899922,2019,.597515256905496,Latin America & Caribbean (excluding high income),LAC,GDP growth (annual %),NY.GDP.MKTP.KD.ZG
LAC,NY.GDP.MKTP.KD.ZG,2.1899922,2020,-6.54995286111402,Latin America & Caribbean (excluding high income),LAC,GDP growth (annual %),NY.GDP.MKTP.KD.ZG
LAC,NY.GDP.MKTP.KD.ZG,2.1899922,2021,6.90270247216083,Latin America & Caribbean (excluding high income),LAC,GDP growth (annual %),NY.GDP.MKTP.KD.ZG
LAC,NY.GDP.MKTP.KD.ZG,2.1899922,2022,3.94705326197962,Latin America & Caribbean (excluding high income),LAC,GDP growth (annual %),NY.GDP.MKTP.KD.ZG
LAC,NY.GDP.MKTP.KD.ZG,2.1899922,2023,2.16624377428548,Latin America & Caribbean (excluding high income),LAC,GDP growth (annual %),NY.GDP.MKTP.KD.ZG
LAC,NY.GDP.MKTP.KD.ZG,2.1899922,2024,1.97324501012739,Latin America & Caribbean (excluding high income),LAC,GDP growth (annual %),NY.GDP.MKTP.KD.ZG
LAC,SE.XPD.TOTL.GD.ZS,4.5143247,2006,4.12821006774902,Latin America & Caribbean (excluding high income),LAC,"Government expenditure on education, total (% of GDP)",SE.XPD.TOTL.GD.ZS
LAC,SE.XPD.TOTL.GD.ZS,4.5143247,2007,4.27280521392822,Latin America & Caribbean (excluding high income),LAC,"Government expenditure on education, total (% of GDP)",SE.XPD.TOTL.GD.ZS
LAC,SE.XPD.TOTL.GD.ZS,4.5143247,2008,4.72525000572204,Latin America & Caribbean (excluding high income),LAC,"Government expenditure on education, total (% of GDP)",SE.XPD.TOTL.GD.ZS
LAC,SE.XPD.TOTL.GD.ZS,4.5143247,2009,5.20644497871398,Latin America & Caribbean (excluding high income),LAC,"Government expenditure on education, total (% of GDP)",SE.XPD.TOTL.GD.ZS
LAC,SE.XPD.TOTL.GD.ZS,4.5143247,2010,4.71705985069275,Latin America & Caribbean (excluding high income),LAC,"Government expenditure on education, total (% of GDP)",SE.XPD.TOTL.GD.ZS
LAC,SE.XPD.TOTL.GD.ZS,4.5143247,2011,4.60516500473022,Latin America & Caribbean (excluding high income),LAC,"Government expenditure on education, total (% of GDP)",SE.XPD.TOTL.GD.ZS
LAC,SE.XPD.TOTL.GD.ZS,4.5143247,2012,4.88348007202148,Latin America & Caribbean (excluding high income),LAC,"Government expenditure on education, total (% of GDP)",SE.XPD.TOTL.GD.ZS
LAC,SE.XPD.TOTL.GD.ZS,4.5143247,2013,4.9042649269104,Latin America & Caribbean (excluding high income),LAC,"Government expenditure on education, total (% of GDP)",SE.XPD.TOTL.GD.ZS
LAC,SE.XPD.TOTL.GD.ZS,4.5143247,2014,4.84877490997314,Latin America & Caribbean (excluding high income),LAC,"Government expenditure on education, total (% of GDP)",SE.XPD.TOTL.GD.ZS
LAC,SE.XPD.TOTL.GD.ZS,4.5143247,2015,4.7606348991394,Latin America & Caribbean (excluding high income),LAC,"Government expenditure on education, total (% of GDP)",SE.XPD.TOTL.GD.ZS
LAC,SE.XPD.TOTL.GD.ZS,4.5143247,2016,4.47059336645318,Latin America & Caribbean (excluding high income),LAC,"Government expenditure on education, total (% of GDP)",SE.XPD.TOTL.GD.ZS
LAC,SE.XPD.TOTL.GD.ZS,4.5143247,2017,4.46651506423951,Latin America & Caribbean (excluding high income),LAC,"Government expenditure on education, total (% of GDP)",SE.XPD.TOTL.GD.ZS
LAC,SE.XPD.TOTL.GD.ZS,4.5143247,2018,4.46145347505506,Latin America & Caribbean (excluding high income),LAC,"Government expenditure on education, total (% of GDP)",SE.XPD.TOTL.GD.ZS
LAC,SE.XPD.TOTL.GD.ZS,4.5143247,2019,4.51069021224976,Latin America & Caribbean (excluding high income),LAC,"Government expenditure on education, total (% of GDP)",SE.XPD.TOTL.GD.ZS
LAC,SE.XPD.TOTL.GD.ZS,4.5143247,2020,4.54901954970835,Latin America & Caribbean (excluding high income),LAC,"Government expenditure on education, total (% of GDP)",SE.XPD.TOTL.GD.ZS
LAC,SE.XPD.TOTL.GD.ZS,4.5143247,2021,4.08717467298944,Latin America & Caribbean (excluding high income),LAC,"Government expenditure on education, total (% of GDP)",SE.XPD.TOTL.GD.ZS
LAC,SE.XPD.TOTL.GD.ZS,4.5143247,2022,3.83315992355347,Latin America & Caribbean (excluding high income),LAC,"Government expenditure on education, total (% of GDP)",SE.XPD.TOTL.GD.ZS
LAC,SE.XPD.TOTL.GD.ZS,4.5143247,2023,3.82714889622862,Latin America & Caribbean (excluding high income),LAC,"Government expenditure on education, total (% of GDP)",SE.XPD.TOTL.GD.ZS
LAC,SE.XPD.TOTL.GD.ZS,4.5143247,2024,,Latin America & Caribbean (excluding high income),LAC,"Government expenditure on education, total (% of GDP)",SE.XPD.TOTL.GD.ZS
MEA,NY.GDP.MKTP.KD.ZG,3.1979568,2006,5.98815018985034,"Middle East, North Africa, Afghanistan & Pakistan",MEA,GDP growth (annual %),NY.GDP.MKTP.KD.ZG
MEA,NY.GDP.MKTP.KD.ZG,3.1979568,2007,5.23301132882172,"Middle East, North Africa, Afghanistan & Pakistan",MEA,GDP growth (annual %),NY.GDP.MKTP.KD.ZG
MEA,NY.GDP.MKTP.KD.ZG,3.1979568,2008,4.3765405545584,"Middle East, North Africa, Afghanistan & Pakistan",MEA,GDP growth (annual %),NY.GDP.MKTP.KD.ZG
MEA,NY.GDP.MKTP.KD.ZG,3.1979568,2009,1.11825830274377,"Middle East, North Africa, Afghanistan & Pakistan",MEA,GDP growth (annual %),NY.GDP.MKTP.KD.ZG
MEA,NY.GDP.MKTP.KD.ZG,3.1979568,2010,4.80966519096368,"Middle East, North Africa, Afghanistan & Pakistan",MEA,GDP growth (annual %),NY.GDP.MKTP.KD.ZG
MEA,NY.GDP.MKTP.KD.ZG,3.1979568,2011,3.84226414950793,"Middle East, North Africa, Afghanistan & Pakistan",MEA,GDP growth (annual %),NY.GDP.MKTP.KD.ZG
MEA,NY.GDP.MKTP.KD.ZG,3.1979568,2012,4.24819927226845,"Middle East, North Africa, Afghanistan & Pakistan",MEA,GDP growth (annual %),NY.GDP.MKTP.KD.ZG
MEA,NY.GDP.MKTP.KD.ZG,3.1979568,2013,2.41717330451516,"Middle East, North Africa, Afghanistan & Pakistan",MEA,GDP growth (annual %),NY.GDP.MKTP.KD.ZG
MEA,NY.GDP.MKTP.KD.ZG,3.1979568,2014,3.12206429423114,"Middle East, North Africa, Afghanistan & Pakistan",MEA,GDP growth (annual %),NY.GDP.MKTP.KD.ZG
MEA,NY.GDP.MKTP.KD.ZG,3.1979568,2015,2.77016552351637,"Middle East, North Africa, Afghanistan & Pakistan",MEA,GDP growth (annual %),NY.GDP.MKTP.KD.ZG
MEA,NY.GDP.MKTP.KD.ZG,3.1979568,2016,4.49846676594123,"Middle East, North Africa, Afghanistan & Pakistan",MEA,GDP growth (annual %),NY.GDP.MKTP.KD.ZG
MEA,NY.GDP.MKTP.KD.ZG,3.1979568,2017,2.07651843299037,"Middle East, North Africa, Afghanistan & Pakistan",MEA,GDP growth (annual %),NY.GDP.MKTP.KD.ZG
MEA,NY.GDP.MKTP.KD.ZG,3.1979568,2018,2.3999522914998,"Middle East, North Africa, Afghanistan & Pakistan",MEA,GDP growth (annual %),NY.GDP.MKTP.KD.ZG
MEA,NY.GDP.MKTP.KD.ZG,3.1979568,2019,1.59137160696825,"Middle East, North Africa, Afghanistan & Pakistan",MEA,GDP growth (annual %),NY.GDP.MKTP.KD.ZG
MEA,NY.GDP.MKTP.KD.ZG,3.1979568,2020,-3.58499748950123,"Middle East, North Africa, Afghanistan & Pakistan",MEA,GDP growth (annual %),NY.GDP.MKTP.KD.ZG
MEA,NY.GDP.MKTP.KD.ZG,3.1979568,2021,5.03631361698847,"Middle East, North Africa, Afghanistan & Pakistan",MEA,GDP growth (annual %),NY.GDP.MKTP.KD.ZG
MEA,NY.GDP.MKTP.KD.ZG,3.1979568,2022,6.4465289217368,"Middle East, North Africa, Afghanistan & Pakistan",MEA,GDP growth (annual %),NY.GDP.MKTP.KD.ZG
MEA,NY.GDP.MKTP.KD.ZG,3.1979568,2023,2.25920706136691,"Middle East, North Africa, Afghanistan & Pakistan",MEA,GDP growth (annual %),NY.GDP.MKTP.KD.ZG
MEA,NY.GDP.MKTP.KD.ZG,3.1979568,2024,2.11232485351741,"Middle East, North Africa, Afghanistan & Pakistan",MEA,GDP growth (annual %),NY.GDP.MKTP.KD.ZG
MEA,SE.XPD.TOTL.GD.ZS,3.9433212,2006,4.14588499069214,"Middle East, North Africa, Afghanistan & Pakistan",MEA,"Government expenditure on education, total (% of GDP)",SE.XPD.TOTL.GD.ZS
MEA,SE.XPD.TOTL.GD.ZS,3.9433212,2007,,"Middle East, North Africa, Afghanistan & Pakistan",MEA,"Government expenditure on education, total (% of GDP)",SE.XPD.TOTL.GD.ZS
MEA,SE.XPD.TOTL.GD.ZS,3.9433212,2008,4.22755002975464,"Middle East, North Africa, Afghanistan & Pakistan",MEA,"Government expenditure on education, total (% of GDP)",SE.XPD.TOTL.GD.ZS
MEA,SE.XPD.TOTL.GD.ZS,3.9433212,2009,,"Middle East, North Africa, Afghanistan & Pakistan",MEA,"Government expenditure on education, total (% of GDP)",SE.XPD.TOTL.GD.ZS
MEA,SE.XPD.TOTL.GD.ZS,3.9433212,2010,3.70918011665344,"Middle East, North Africa, Afghanistan & Pakistan",MEA,"Government expenditure on education, total (% of GDP)",SE.XPD.TOTL.GD.ZS
MEA,SE.XPD.TOTL.GD.ZS,3.9433212,2011,,"Middle East, North Africa, Afghanistan & Pakistan",MEA,"Government expenditure on education, total (% of GDP)",SE.XPD.TOTL.GD.ZS
MEA,SE.XPD.TOTL.GD.ZS,3.9433212,2012,3.57230008734587,"Middle East, North Africa, Afghanistan & Pakistan",MEA,"Government expenditure on education, total (% of GDP)",SE.XPD.TOTL.GD.ZS
MEA,SE.XPD.TOTL.GD.ZS,3.9433212,2013,3.78372228032099,"Middle East, North Africa, Afghanistan & Pakistan",MEA,"Government expenditure on education, total (% of GDP)",SE.XPD.TOTL.GD.ZS
MEA,SE.XPD.TOTL.GD.ZS,3.9433212,2014,,"Middle East, North Africa, Afghanistan & Pakistan",MEA,"Government expenditure on education, total (% of GDP)",SE.XPD.TOTL.GD.ZS
MEA,SE.XPD.TOTL.GD.ZS,3.9433212,2015,3.71272133351629,"Middle East, North Africa, Afghanistan & Pakistan",MEA,"Government expenditure on education, total (% of GDP)",SE.XPD.TOTL.GD.ZS
MEA,SE.XPD.TOTL.GD.ZS,3.9433212,2016,4.23311507701874,"Middle East, North Africa, Afghanistan & Pakistan",MEA,"Government expenditure on education, total (% of GDP)",SE.XPD.TOTL.GD.ZS
MEA,SE.XPD.TOTL.GD.ZS,3.9433212,2017,4.03832006454468,"Middle East, North Africa, Afghanistan & Pakistan",MEA,"Government expenditure on education, total (% of GDP)",SE.XPD.TOTL.GD.ZS
MEA,SE.XPD.TOTL.GD.ZS,3.9433212,2018,3.75143003463745,"Middle East, North Africa, Afghanistan & Pakistan",MEA,"Government expenditure on education, total (% of GDP)",SE.XPD.TOTL.GD.ZS
MEA,SE.XPD.TOTL.GD.ZS,3.9433212,2019,3.86020994186401,"Middle East, North Africa, Afghanistan & Pakistan",MEA,"Government expenditure on education, total (% of GDP)",SE.XPD.TOTL.GD.ZS
MEA,SE.XPD.TOTL.GD.ZS,3.9433212,2020,3.98417997360229,"Middle East, North Africa, Afghanistan & Pakistan",MEA,"Government expenditure on education, total (% of GDP)",SE.XPD.TOTL.GD.ZS
MEA,SE.XPD.TOTL.GD.ZS,3.9433212,2021,,"Middle East, North Africa, Afghanistan & Pakistan",MEA,"Government expenditure on education, total (% of GDP)",SE.XPD.TOTL.GD.ZS
MEA,SE.XPD.TOTL.GD.ZS,3.9433212,2022,4.30123996734619,"Middle East, North Africa, Afghanistan & Pakistan",MEA,"Government expenditure on education, total (% of GDP)",SE.XPD.TOTL.GD.ZS
MEA,SE.XPD.TOTL.GD.ZS,3.9433212,2023,,"Middle East, North Africa, Afghanistan & Pakistan",MEA,"Government expenditure on education, total (% of GDP)",SE.XPD.TOTL.GD.ZS
MEA,SE.XPD.TOTL.GD.ZS,3.9433212,2024,,"Middle East, North Africa, Afghanistan & Pakistan",MEA,"Government expenditure on education, total (% of GDP)",SE.XPD.TOTL.GD.ZS
MEX,NY.GDP.MKTP.KD.ZG,1.6298171,2006,4.80501352746852,Mexico,MEX,GDP growth (annual %),NY.GDP.MKTP.KD.ZG
MEX,NY.GDP.MKTP.KD.ZG,1.6298171,2007,2.07786393438754,Mexico,MEX,GDP growth (annual %),NY.GDP.MKTP.KD.ZG
MEX,NY.GDP.MKTP.KD.ZG,1.6298171,2008,.943331863036903,Mexico,MEX,GDP growth (annual %),NY.GDP.MKTP.KD.ZG
MEX,NY.GDP.MKTP.KD.ZG,1.6298171,2009,-6.29525055780502,Mexico,MEX,GDP growth (annual %),NY.GDP.MKTP.KD.ZG
MEX,NY.GDP.MKTP.KD.ZG,1.6298171,2010,4.9713345832195,Mexico,MEX,GDP growth (annual %),NY.GDP.MKTP.KD.ZG
MEX,NY.GDP.MKTP.KD.ZG,1.6298171,2011,3.44404505794418,Mexico,MEX,GDP growth (annual %),NY.GDP.MKTP.KD.ZG
MEX,NY.GDP.MKTP.KD.ZG,1.6298171,2012,3.55321075993527,Mexico,MEX,GDP growth (annual %),NY.GDP.MKTP.KD.ZG
MEX,NY.GDP.MKTP.KD.ZG,1.6298171,2013,.852101559410627,Mexico,MEX,GDP growth (annual %),NY.GDP.MKTP.KD.ZG
MEX,NY.GDP.MKTP.KD.ZG,1.6298171,2014,2.50376350288664,Mexico,MEX,GDP growth (annual %),NY.GDP.MKTP.KD.ZG
MEX,NY.GDP.MKTP.KD.ZG,1.6298171,2015,2.70232342550646,Mexico,MEX,GDP growth (annual %),NY.GDP.MKTP.KD.ZG
MEX,NY.GDP.MKTP.KD.ZG,1.6298171,2016,1.77249323845399,Mexico,MEX,GDP growth (annual %),NY.GDP.MKTP.KD.ZG
MEX,NY.GDP.MKTP.KD.ZG,1.6298171,2017,1.87172853327193,Mexico,MEX,GDP growth (annual %),NY.GDP.MKTP.KD.ZG
MEX,NY.GDP.MKTP.KD.ZG,1.6298171,2018,1.97208209405635,Mexico,MEX,GDP growth (annual %),NY.GDP.MKTP.KD.ZG
MEX,NY.GDP.MKTP.KD.ZG,1.6298171,2019,-.392690505066824,Mexico,MEX,GDP growth (annual %),NY.GDP.MKTP.KD.ZG
MEX,NY.GDP.MKTP.KD.ZG,1.6298171,2020,-8.354034581679951,Mexico,MEX,GDP growth (annual %),NY.GDP.MKTP.KD.ZG
MEX,NY.GDP.MKTP.KD.ZG,1.6298171,2021,6.0484834621255,Mexico,MEX,GDP growth (annual %),NY.GDP.MKTP.KD.ZG
MEX,NY.GDP.MKTP.KD.ZG,1.6298171,2022,3.70975709163623,Mexico,MEX,GDP growth (annual %),NY.GDP.MKTP.KD.ZG
MEX,NY.GDP.MKTP.KD.ZG,1.6298171,2023,3.35354140652768,Mexico,MEX,GDP growth (annual %),NY.GDP.MKTP.KD.ZG
MEX,NY.GDP.MKTP.KD.ZG,1.6298171,2024,1.42742769080466,Mexico,MEX,GDP growth (annual %),NY.GDP.MKTP.KD.ZG
MEX,SE.XPD.TOTL.GD.ZS,4.6236591,2006,4.4931697845459,Mexico,MEX,"Government expenditure on education, total (% of GDP)",SE.XPD.TOTL.GD.ZS
MEX,SE.XPD.TOTL.GD.ZS,4.6236591,2007,4.47921991348267,Mexico,MEX,"Government expenditure on education, total (% of GDP)",SE.XPD.TOTL.GD.ZS
MEX,SE.XPD.TOTL.GD.ZS,4.6236591,2008,4.60609006881714,Mexico,MEX,"Government expenditure on education, total (% of GDP)",SE.XPD.TOTL.GD.ZS
MEX,SE.XPD.TOTL.GD.ZS,4.6236591,2009,4.94933986663818,Mexico,MEX,"Government expenditure on education, total (% of GDP)",SE.XPD.TOTL.GD.ZS
MEX,SE.XPD.TOTL.GD.ZS,4.6236591,2010,4.93695020675659,Mexico,MEX,"Government expenditure on education, total (% of GDP)",SE.XPD.TOTL.GD.ZS
MEX,SE.XPD.TOTL.GD.ZS,4.6236591,2011,4.90405988693237,Mexico,MEX,"Government expenditure on education, total (% of GDP)",SE.XPD.TOTL.GD.ZS
MEX,SE.XPD.TOTL.GD.ZS,4.6236591,2012,4.88348007202148,Mexico,MEX,"Government expenditure on education, total (% of GDP)",SE.XPD.TOTL.GD.ZS
MEX,SE.XPD.TOTL.GD.ZS,4.6236591,2013,4.50858020782471,Mexico,MEX,"Government expenditure on education, total (% of GDP)",SE.XPD.TOTL.GD.ZS
MEX,SE.XPD.TOTL.GD.ZS,4.6236591,2014,5.06808996200562,Mexico,MEX,"Government expenditure on education, total (% of GDP)",SE.XPD.TOTL.GD.ZS
MEX,SE.XPD.TOTL.GD.ZS,4.6236591,2015,5.05087995529175,Mexico,MEX,"Government expenditure on education, total (% of GDP)",SE.XPD.TOTL.GD.ZS
MEX,SE.XPD.TOTL.GD.ZS,4.6236591,2016,4.75795984268188,Mexico,MEX,"Government expenditure on education, total (% of GDP)",SE.XPD.TOTL.GD.ZS
MEX,SE.XPD.TOTL.GD.ZS,4.6236591,2017,4.39752006530762,Mexico,MEX,"Government expenditure on education, total (% of GDP)",SE.XPD.TOTL.GD.ZS
MEX,SE.XPD.TOTL.GD.ZS,4.6236591,2018,4.13945007324219,Mexico,MEX,"Government expenditure on education, total (% of GDP)",SE.XPD.TOTL.GD.ZS
MEX,SE.XPD.TOTL.GD.ZS,4.6236591,2019,,Mexico,MEX,"Government expenditure on education, total (% of GDP)",SE.XPD.TOTL.GD.ZS
MEX,SE.XPD.TOTL.GD.ZS,4.6236591,2020,4.49967002868652,Mexico,MEX,"Government expenditure on education, total (% of GDP)",SE.XPD.TOTL.GD.ZS
MEX,SE.XPD.TOTL.GD.ZS,4.6236591,2021,4.23823022842407,Mexico,MEX,"Government expenditure on education, total (% of GDP)",SE.XPD.TOTL.GD.ZS
MEX,SE.XPD.TOTL.GD.ZS,4.6236591,2022,4.0658597946167,Mexico,MEX,"Government expenditure on education, total (% of GDP)",SE.XPD.TOTL.GD.ZS
MEX,SE.XPD.TOTL.GD.ZS,4.6236591,2023,,Mexico,MEX,"Government expenditure on education, total (% of GDP)",SE.XPD.TOTL.GD.ZS
MEX,SE.XPD.TOTL.GD.ZS,4.6236591,2024,,Mexico,MEX,"Government expenditure on education, total (% of GDP)",SE.XPD.TOTL.GD.ZS
OED,NY.GDP.MKTP.KD.ZG,1.7214901,2006,3.04090437455287,OECD members,OED,GDP growth (annual %),NY.GDP.MKTP.KD.ZG
OED,NY.GDP.MKTP.KD.ZG,1.7214901,2007,2.62073098084872,OECD members,OED,GDP growth (annual %),NY.GDP.MKTP.KD.ZG
OED,NY.GDP.MKTP.KD.ZG,1.7214901,2008,.395831033548873,OECD members,OED,GDP growth (annual %),NY.GDP.MKTP.KD.ZG
OED,NY.GDP.MKTP.KD.ZG,1.7214901,2009,-3.38026884475778,OECD members,OED,GDP growth (annual %),NY.GDP.MKTP.KD.ZG
OED,NY.GDP.MKTP.KD.ZG,1.7214901,2010,2.96705999909368,OECD members,OED,GDP growth (annual %),NY.GDP.MKTP.KD.ZG
OED,NY.GDP.MKTP.KD.ZG,1.7214901,2011,1.87802028856423,OECD members,OED,GDP growth (annual %),NY.GDP.MKTP.KD.ZG
OED,NY.GDP.MKTP.KD.ZG,1.7214901,2012,1.37675440586294,OECD members,OED,GDP growth (annual %),NY.GDP.MKTP.KD.ZG
OED,NY.GDP.MKTP.KD.ZG,1.7214901,2013,1.62046550836888,OECD members,OED,GDP growth (annual %),NY.GDP.MKTP.KD.ZG
OED,NY.GDP.MKTP.KD.ZG,1.7214901,2014,2.17833905340592,OECD members,OED,GDP growth (annual %),NY.GDP.MKTP.KD.ZG
OED,NY.GDP.MKTP.KD.ZG,1.7214901,2015,2.51027367143098,OECD members,OED,GDP growth (annual %),NY.GDP.MKTP.KD.ZG
OED,NY.GDP.MKTP.KD.ZG,1.7214901,2016,1.86249391596978,OECD members,OED,GDP growth (annual %),NY.GDP.MKTP.KD.ZG
OED,NY.GDP.MKTP.KD.ZG,1.7214901,2017,2.61694093867455,OECD members,OED,GDP growth (annual %),NY.GDP.MKTP.KD.ZG
OED,NY.GDP.MKTP.KD.ZG,1.7214901,2018,2.3646207330156,OECD members,OED,GDP growth (annual %),NY.GDP.MKTP.KD.ZG
OED,NY.GDP.MKTP.KD.ZG,1.7214901,2019,1.84575810333803,OECD members,OED,GDP growth (annual %),NY.GDP.MKTP.KD.ZG
OED,NY.GDP.MKTP.KD.ZG,1.7214901,2020,-3.88927214744993,OECD members,OED,GDP growth (annual %),NY.GDP.MKTP.KD.ZG
OED,NY.GDP.MKTP.KD.ZG,1.7214901,2021,5.9755204126343,OECD members,OED,GDP growth (annual %),NY.GDP.MKTP.KD.ZG
OED,NY.GDP.MKTP.KD.ZG,1.7214901,2022,3.09501591343316,OECD members,OED,GDP growth (annual %),NY.GDP.MKTP.KD.ZG
OED,NY.GDP.MKTP.KD.ZG,1.7214901,2023,1.82235680918733,OECD members,OED,GDP growth (annual %),NY.GDP.MKTP.KD.ZG
OED,NY.GDP.MKTP.KD.ZG,1.7214901,2024,1.80676868744595,OECD members,OED,GDP growth (annual %),NY.GDP.MKTP.KD.ZG
OED,SE.XPD.TOTL.GD.ZS,5.0106297,2006,4.90767002105713,OECD members,OED,"Government expenditure on education, total (% of GDP)",SE.XPD.TOTL.GD.ZS
OED,SE.XPD.TOTL.GD.ZS,5.0106297,2007,4.7664098739624,OECD members,OED,"Government expenditure on education, total (% of GDP)",SE.XPD.TOTL.GD.ZS
OED,SE.XPD.TOTL.GD.ZS,5.0106297,2008,4.90973997116089,OECD members,OED,"Government expenditure on education, total (% of GDP)",SE.XPD.TOTL.GD.ZS
OED,SE.XPD.TOTL.GD.ZS,5.0106297,2009,5.38561010360718,OECD members,OED,"Government expenditure on education, total (% of GDP)",SE.XPD.TOTL.GD.ZS
OED,SE.XPD.TOTL.GD.ZS,5.0106297,2010,5.36880016326904,OECD members,OED,"Government expenditure on education, total (% of GDP)",SE.XPD.TOTL.GD.ZS
OED,SE.XPD.TOTL.GD.ZS,5.0106297,2011,5.13579487800598,OECD members,OED,"Government expenditure on education, total (% of GDP)",SE.XPD.TOTL.GD.ZS
OED,SE.XPD.TOTL.GD.ZS,5.0106297,2012,4.89862012863159,OECD members,OED,"Government expenditure on education, total (% of GDP)",SE.XPD.TOTL.GD.ZS
OED,SE.XPD.TOTL.GD.ZS,5.0106297,2013,4.99780988693237,OECD members,OED,"Government expenditure on education, total (% of GDP)",SE.XPD.TOTL.GD.ZS
OED,SE.XPD.TOTL.GD.ZS,5.0106297,2014,4.93859004974365,OECD members,OED,"Government expenditure on education, total (% of GDP)",SE.XPD.TOTL.GD.ZS
OED,SE.XPD.TOTL.GD.ZS,5.0106297,2015,4.93063020706177,OECD members,OED,"Government expenditure on education, total (% of GDP)",SE.XPD.TOTL.GD.ZS
OED,SE.XPD.TOTL.GD.ZS,5.0106297,2016,4.8338451385498,OECD members,OED,"Government expenditure on education, total (% of GDP)",SE.XPD.TOTL.GD.ZS
OED,SE.XPD.TOTL.GD.ZS,5.0106297,2017,4.86288022994995,OECD members,OED,"Government expenditure on education, total (% of GDP)",SE.XPD.TOTL.GD.ZS
OED,SE.XPD.TOTL.GD.ZS,5.0106297,2018,4.8889799118042,OECD members,OED,"Government expenditure on education, total (% of GDP)",SE.XPD.TOTL.GD.ZS
OED,SE.XPD.TOTL.GD.ZS,5.0106297,2019,4.94613003730774,OECD members,OED,"Government expenditure on education, total (% of GDP)",SE.XPD.TOTL.GD.ZS
OED,SE.XPD.TOTL.GD.ZS,5.0106297,2020,5.29139995574951,OECD members,OED,"Government expenditure on education, total (% of GDP)",SE.XPD.TOTL.GD.ZS
OED,SE.XPD.TOTL.GD.ZS,5.0106297,2021,5.12611985206604,OECD members,OED,"Government expenditure on education, total (% of GDP)",SE.XPD.TOTL.GD.ZS
OED,SE.XPD.TOTL.GD.ZS,5.0106297,2022,4.99167513847351,OECD members,OED,"Government expenditure on education, total (% of GDP)",SE.XPD.TOTL.GD.ZS
OED,SE.XPD.TOTL.GD.ZS,5.0106297,2023,,OECD members,OED,"Government expenditure on education, total (% of GDP)",SE.XPD.TOTL.GD.ZS
OED,SE.XPD.TOTL.GD.ZS,5.0106297,2024,,OECD members,OED,"Government expenditure on education, total (% of GDP)",SE.XPD.TOTL.GD.ZS
PER,NY.GDP.MKTP.KD.ZG,4.1777453,2006,7.5288990440594,Peru,PER,GDP growth (annual %),NY.GDP.MKTP.KD.ZG
PER,NY.GDP.MKTP.KD.ZG,4.1777453,2007,8.518387769095501,Peru,PER,GDP growth (annual %),NY.GDP.MKTP.KD.ZG
PER,NY.GDP.MKTP.KD.ZG,4.1777453,2008,9.1265683014642,Peru,PER,GDP growth (annual %),NY.GDP.MKTP.KD.ZG
PER,NY.GDP.MKTP.KD.ZG,4.1777453,2009,1.0958236592427,Peru,PER,GDP growth (annual %),NY.GDP.MKTP.KD.ZG
PER,NY.GDP.MKTP.KD.ZG,4.1777453,2010,8.332459107495771,Peru,PER,GDP growth (annual %),NY.GDP.MKTP.KD.ZG
PER,NY.GDP.MKTP.KD.ZG,4.1777453,2011,6.32719240161117,Peru,PER,GDP growth (annual %),NY.GDP.MKTP.KD.ZG
PER,NY.GDP.MKTP.KD.ZG,4.1777453,2012,6.13972470560435,Peru,PER,GDP growth (annual %),NY.GDP.MKTP.KD.ZG
PER,NY.GDP.MKTP.KD.ZG,4.1777453,2013,5.85251821084928,Peru,PER,GDP growth (annual %),NY.GDP.MKTP.KD.ZG
PER,NY.GDP.MKTP.KD.ZG,4.1777453,2014,2.38215737180541,Peru,PER,GDP growth (annual %),NY.GDP.MKTP.KD.ZG
PER,NY.GDP.MKTP.KD.ZG,4.1777453,2015,3.25224477218451,Peru,PER,GDP growth (annual %),NY.GDP.MKTP.KD.ZG
PER,NY.GDP.MKTP.KD.ZG,4.1777453,2016,3.95331871520767,Peru,PER,GDP growth (annual %),NY.GDP.MKTP.KD.ZG
PER,NY.GDP.MKTP.KD.ZG,4.1777453,2017,2.51883544233135,Peru,PER,GDP growth (annual %),NY.GDP.MKTP.KD.ZG
PER,NY.GDP.MKTP.KD.ZG,4.1777453,2018,3.969351341365,Peru,PER,GDP growth (annual %),NY.GDP.MKTP.KD.ZG
PER,NY.GDP.MKTP.KD.ZG,4.1777453,2019,2.24063176875049,Peru,PER,GDP growth (annual %),NY.GDP.MKTP.KD.ZG
PER,NY.GDP.MKTP.KD.ZG,4.1777453,2020,-10.9333065010382,Peru,PER,GDP growth (annual %),NY.GDP.MKTP.KD.ZG
PER,NY.GDP.MKTP.KD.ZG,4.1777453,2021,13.3626240903125,Peru,PER,GDP growth (annual %),NY.GDP.MKTP.KD.ZG
PER,NY.GDP.MKTP.KD.ZG,4.1777453,2022,2.8090335533015,Peru,PER,GDP growth (annual %),NY.GDP.MKTP.KD.ZG
PER,NY.GDP.MKTP.KD.ZG,4.1777453,2023,-.403242151494268,Peru,PER,GDP growth (annual %),NY.GDP.MKTP.KD.ZG
PER,NY.GDP.MKTP.KD.ZG,4.1777453,2024,3.30394098171516,Peru,PER,GDP growth (annual %),NY.GDP.MKTP.KD.ZG
PER,SE.XPD.TOTL.GD.ZS,3.4578788,2006,2.65281009674072,Peru,PER,"Government expenditure on education, total (% of GDP)",SE.XPD.TOTL.GD.ZS
PER,SE.XPD.TOTL.GD.ZS,3.4578788,2007,2.62940001487732,Peru,PER,"Government expenditure on education, total (% of GDP)",SE.XPD.TOTL.GD.ZS
PER,SE.XPD.TOTL.GD.ZS,3.4578788,2008,2.8677499294281,Peru,PER,"Government expenditure on education, total (% of GDP)",SE.XPD.TOTL.GD.ZS
PER,SE.XPD.TOTL.GD.ZS,3.4578788,2009,3.13994002342224,Peru,PER,"Government expenditure on education, total (% of GDP)",SE.XPD.TOTL.GD.ZS
PER,SE.XPD.TOTL.GD.ZS,3.4578788,2010,2.86730003356934,Peru,PER,"Government expenditure on education, total (% of GDP)",SE.XPD.TOTL.GD.ZS
PER,SE.XPD.TOTL.GD.ZS,3.4578788,2011,2.6635000705719,Peru,PER,"Government expenditure on education, total (% of GDP)",SE.XPD.TOTL.GD.ZS
PER,SE.XPD.TOTL.GD.ZS,3.4578788,2012,2.92276000976562,Peru,PER,"Government expenditure on education, total (% of GDP)",SE.XPD.TOTL.GD.ZS
PER,SE.XPD.TOTL.GD.ZS,3.4578788,2013,3.29729008674622,Peru,PER,"Government expenditure on education, total (% of GDP)",SE.XPD.TOTL.GD.ZS
PER,SE.XPD.TOTL.GD.ZS,3.4578788,2014,3.69599008560181,Peru,PER,"Government expenditure on education, total (% of GDP)",SE.XPD.TOTL.GD.ZS
PER,SE.XPD.TOTL.GD.ZS,3.4578788,2015,3.96933007240295,Peru,PER,"Government expenditure on education, total (% of GDP)",SE.XPD.TOTL.GD.ZS
PER,SE.XPD.TOTL.GD.ZS,3.4578788,2016,3.81316995620727,Peru,PER,"Government expenditure on education, total (% of GDP)",SE.XPD.TOTL.GD.ZS
PER,SE.XPD.TOTL.GD.ZS,3.4578788,2017,3.93130993843079,Peru,PER,"Government expenditure on education, total (% of GDP)",SE.XPD.TOTL.GD.ZS
PER,SE.XPD.TOTL.GD.ZS,3.4578788,2018,3.71392011642456,Peru,PER,"Government expenditure on education, total (% of GDP)",SE.XPD.TOTL.GD.ZS
PER,SE.XPD.TOTL.GD.ZS,3.4578788,2019,3.822429895401,Peru,PER,"Government expenditure on education, total (% of GDP)",SE.XPD.TOTL.GD.ZS
PER,SE.XPD.TOTL.GD.ZS,3.4578788,2020,4.25937986373901,Peru,PER,"Government expenditure on education, total (% of GDP)",SE.XPD.TOTL.GD.ZS
PER,SE.XPD.TOTL.GD.ZS,3.4578788,2021,3.92721009254456,Peru,PER,"Government expenditure on education, total (% of GDP)",SE.XPD.TOTL.GD.ZS
PER,SE.XPD.TOTL.GD.ZS,3.4578788,2022,3.83315992355347,Peru,PER,"Government expenditure on education, total (% of GDP)",SE.XPD.TOTL.GD.ZS
PER,SE.XPD.TOTL.GD.ZS,3.4578788,2023,4.23516988754272,Peru,PER,"Government expenditure on education, total (% of GDP)",SE.XPD.TOTL.GD.ZS
PER,SE.XPD.TOTL.GD.ZS,3.4578788,2024,,Peru,PER,"Government expenditure on education, total (% of GDP)",SE.XPD.TOTL.GD.ZS
PRT,NY.GDP.MKTP.KD.ZG,1.0126057,2006,1.62503532956156,Portugal,PRT,GDP growth (annual %),NY.GDP.MKTP.KD.ZG
PRT,NY.GDP.MKTP.KD.ZG,1.0126057,2007,2.50657937751231,Portugal,PRT,GDP growth (annual %),NY.GDP.MKTP.KD.ZG
PRT,NY.GDP.MKTP.KD.ZG,1.0126057,2008,.319247344434558,Portugal,PRT,GDP growth (annual %),NY.GDP.MKTP.KD.ZG
PRT,NY.GDP.MKTP.KD.ZG,1.0126057,2009,-3.12207827545093,Portugal,PRT,GDP growth (annual %),NY.GDP.MKTP.KD.ZG
PRT,NY.GDP.MKTP.KD.ZG,1.0126057,2010,1.73762453640036,Portugal,PRT,GDP growth (annual %),NY.GDP.MKTP.KD.ZG
PRT,NY.GDP.MKTP.KD.ZG,1.0126057,2011,-1.71352745905065,Portugal,PRT,GDP growth (annual %),NY.GDP.MKTP.KD.ZG
PRT,NY.GDP.MKTP.KD.ZG,1.0126057,2012,-4.05090267621935,Portugal,PRT,GDP growth (annual %),NY.GDP.MKTP.KD.ZG
PRT,NY.GDP.MKTP.KD.ZG,1.0126057,2013,-.984106574148328,Portugal,PRT,GDP growth (annual %),NY.GDP.MKTP.KD.ZG
PRT,NY.GDP.MKTP.KD.ZG,1.0126057,2014,.741391420706506,Portugal,PRT,GDP growth (annual %),NY.GDP.MKTP.KD.ZG
PRT,NY.GDP.MKTP.KD.ZG,1.0126057,2015,1.58979803702681,Portugal,PRT,GDP growth (annual %),NY.GDP.MKTP.KD.ZG
PRT,NY.GDP.MKTP.KD.ZG,1.0126057,2016,2.00414129666575,Portugal,PRT,GDP growth (annual %),NY.GDP.MKTP.KD.ZG
PRT,NY.GDP.MKTP.KD.ZG,1.0126057,2017,3.31472008175986,Portugal,PRT,GDP growth (annual %),NY.GDP.MKTP.KD.ZG
PRT,NY.GDP.MKTP.KD.ZG,1.0126057,2018,2.94628343449202,Portugal,PRT,GDP growth (annual %),NY.GDP.MKTP.KD.ZG
PRT,NY.GDP.MKTP.KD.ZG,1.0126057,2019,2.74568432648596,Portugal,PRT,GDP growth (annual %),NY.GDP.MKTP.KD.ZG
PRT,NY.GDP.MKTP.KD.ZG,1.0126057,2020,-8.204631593243869,Portugal,PRT,GDP growth (annual %),NY.GDP.MKTP.KD.ZG
PRT,NY.GDP.MKTP.KD.ZG,1.0126057,2021,5.55875672070374,Portugal,PRT,GDP growth (annual %),NY.GDP.MKTP.KD.ZG
PRT,NY.GDP.MKTP.KD.ZG,1.0126057,2022,6.98584137580278,Portugal,PRT,GDP growth (annual %),NY.GDP.MKTP.KD.ZG
PRT,NY.GDP.MKTP.KD.ZG,1.0126057,2023,3.09997909018263,Portugal,PRT,GDP growth (annual %),NY.GDP.MKTP.KD.ZG
PRT,NY.GDP.MKTP.KD.ZG,1.0126057,2024,2.13967177177636,Portugal,PRT,GDP growth (annual %),NY.GDP.MKTP.KD.ZG
PRT,SE.XPD.TOTL.GD.ZS,4.959692,2006,4.90767002105713,Portugal,PRT,"Government expenditure on education, total (% of GDP)",SE.XPD.TOTL.GD.ZS
PRT,SE.XPD.TOTL.GD.ZS,4.959692,2007,4.92147016525269,Portugal,PRT,"Government expenditure on education, total (% of GDP)",SE.XPD.TOTL.GD.ZS
PRT,SE.XPD.TOTL.GD.ZS,4.959692,2008,4.69609022140503,Portugal,PRT,"Government expenditure on education, total (% of GDP)",SE.XPD.TOTL.GD.ZS
PRT,SE.XPD.TOTL.GD.ZS,4.959692,2009,5.56314992904663,Portugal,PRT,"Government expenditure on education, total (% of GDP)",SE.XPD.TOTL.GD.ZS
PRT,SE.XPD.TOTL.GD.ZS,4.959692,2010,5.40498018264771,Portugal,PRT,"Government expenditure on education, total (% of GDP)",SE.XPD.TOTL.GD.ZS
PRT,SE.XPD.TOTL.GD.ZS,4.959692,2011,5.11688995361328,Portugal,PRT,"Government expenditure on education, total (% of GDP)",SE.XPD.TOTL.GD.ZS
PRT,SE.XPD.TOTL.GD.ZS,4.959692,2012,4.94226980209351,Portugal,PRT,"Government expenditure on education, total (% of GDP)",SE.XPD.TOTL.GD.ZS
PRT,SE.XPD.TOTL.GD.ZS,4.959692,2013,5.2652997970581,Portugal,PRT,"Government expenditure on education, total (% of GDP)",SE.XPD.TOTL.GD.ZS
PRT,SE.XPD.TOTL.GD.ZS,4.959692,2014,5.12006998062134,Portugal,PRT,"Government expenditure on education, total (% of GDP)",SE.XPD.TOTL.GD.ZS
PRT,SE.XPD.TOTL.GD.ZS,4.959692,2015,4.8942699432373,Portugal,PRT,"Government expenditure on education, total (% of GDP)",SE.XPD.TOTL.GD.ZS
PRT,SE.XPD.TOTL.GD.ZS,4.959692,2016,,Portugal,PRT,"Government expenditure on education, total (% of GDP)",SE.XPD.TOTL.GD.ZS
PRT,SE.XPD.TOTL.GD.ZS,4.959692,2017,5.02685022354126,Portugal,PRT,"Government expenditure on education, total (% of GDP)",SE.XPD.TOTL.GD.ZS
PRT,SE.XPD.TOTL.GD.ZS,4.959692,2018,4.67940998077393,Portugal,PRT,"Government expenditure on education, total (% of GDP)",SE.XPD.TOTL.GD.ZS
PRT,SE.XPD.TOTL.GD.ZS,4.959692,2019,4.62753009796143,Portugal,PRT,"Government expenditure on education, total (% of GDP)",SE.XPD.TOTL.GD.ZS
PRT,SE.XPD.TOTL.GD.ZS,4.959692,2020,4.86408996582031,Portugal,PRT,"Government expenditure on education, total (% of GDP)",SE.XPD.TOTL.GD.ZS
PRT,SE.XPD.TOTL.GD.ZS,4.959692,2021,4.77342987060547,Portugal,PRT,"Government expenditure on education, total (% of GDP)",SE.XPD.TOTL.GD.ZS
PRT,SE.XPD.TOTL.GD.ZS,4.959692,2022,4.55159997940063,Portugal,PRT,"Government expenditure on education, total (% of GDP)",SE.XPD.TOTL.GD.ZS
PRT,SE.XPD.TOTL.GD.ZS,4.959692,2023,,Portugal,PRT,"Government expenditure on education, total (% of GDP)",SE.XPD.TOTL.GD.ZS
PRT,SE.XPD.TOTL.GD.ZS,4.959692,2024,,Portugal,PRT,"Government expenditure on education, total (% of GDP)",SE.XPD.TOTL.GD.ZS
